dataset,kind,level,pct_fov,pct_in_box,pct_in_box_near,n_obj_near,pct_in_box_mid,n_obj_mid,pct_in_box_far,n_obj_far,drop_in_box_pp
kitti,yaw,0.0,15.74,99.56,99.58,32,99.48,40,99.72,35,0.0
kitti,yaw,0.5,15.75,97.2,98.17,32,95.93,40,88.77,35,2.36
kitti,yaw,1.0,15.75,92.87,95.81,32,88.42,40,70.63,35,6.69
kitti,yaw,2.0,15.75,83.96,89.18,32,76.2,40,43.46,35,15.61
kitti,yaw,3.0,15.76,75.95,82.97,32,64.76,40,25.83,35,23.61
kitti,pitch,0.0,15.74,99.56,99.58,32,99.48,40,99.72,35,0.0
kitti,pitch,0.5,15.37,96.53,97.43,32,95.47,40,87.98,35,3.04
kitti,pitch,1.0,15.01,91.77,94.28,32,89.25,40,65.47,35,7.8
kitti,pitch,2.0,14.26,80.25,85.53,32,73.4,40,33.91,35,19.31
kitti,pitch,3.0,13.49,67.48,74.81,32,55.77,40,15.27,35,32.08
kitti,roll,0.0,15.74,99.56,99.58,32,99.48,40,99.72,35,0.0
kitti,roll,0.5,15.74,99.23,99.29,32,99.13,40,98.82,35,0.33
kitti,roll,1.0,15.74,98.25,98.63,32,97.33,40,97.36,35,1.31
kitti,roll,2.0,15.74,95.8,96.53,32,93.88,40,94.83,35,3.76
kitti,roll,3.0,15.77,92.47,93.71,32,89.59,40,88.66,35,7.09
kitti,tx,0.0,15.74,99.56,99.58,32,99.48,40,99.72,35,0.0
kitti,tx,0.02,15.79,99.72,99.8,32,99.5,40,99.72,35,-0.16
kitti,tx,0.05,15.91,99.71,99.78,32,99.51,40,99.66,35,-0.14
kitti,tx,0.1,16.07,99.65,99.69,32,99.51,40,99.66,35,-0.08
kitti,ty,0.0,15.74,99.56,99.58,32,99.48,40,99.72,35,0.0
kitti,ty,0.02,15.74,99.36,99.34,32,99.4,40,99.55,35,0.2
kitti,ty,0.05,15.74,98.92,98.81,32,99.17,40,99.38,35,0.64
kitti,ty,0.1,15.75,97.99,97.78,32,98.43,40,98.88,35,1.57
kitti,tz,0.0,15.74,99.56,99.58,32,99.48,40,99.72,35,0.0
kitti,tz,0.02,15.9,99.69,99.78,32,99.44,40,99.72,35,-0.13
kitti,tz,0.05,16.11,99.27,99.26,32,99.22,40,99.61,35,0.3
kitti,tz,0.1,16.46,97.4,97.15,32,98.07,40,97.75,35,2.16
nuscenes,yaw,0.0,8.73,99.95,99.91,84,100.0,173,100.0,35,0.0
nuscenes,yaw,0.5,8.72,98.55,98.59,84,98.38,173,99.49,35,1.39
nuscenes,yaw,1.0,8.72,95.69,96.18,84,94.99,173,95.18,35,4.26
nuscenes,yaw,2.0,8.72,86.58,88.46,84,84.45,173,80.58,35,13.36
nuscenes,yaw,3.0,8.71,75.96,79.57,84,71.94,173,63.58,35,23.99
nuscenes,pitch,0.0,8.73,99.95,99.91,84,100.0,173,100.0,35,0.0
nuscenes,pitch,0.5,8.74,99.87,99.82,84,99.94,173,100.0,35,0.08
nuscenes,pitch,1.0,8.74,99.66,99.56,84,99.8,173,99.75,35,0.29
nuscenes,pitch,2.0,8.74,98.02,98.2,84,97.74,173,98.1,35,1.93
nuscenes,pitch,3.0,8.74,94.7,96.21,84,93.17,173,88.32,35,5.24
nuscenes,roll,0.0,8.73,99.95,99.91,84,100.0,173,100.0,35,0.0
nuscenes,roll,0.5,8.87,99.39,99.21,84,99.67,173,99.37,35,0.56
nuscenes,roll,1.0,9.06,95.86,96.88,84,95.15,173,88.83,35,4.09
nuscenes,roll,2.0,9.44,87.13,91.13,84,84.54,173,58.12,35,12.82
nuscenes,roll,3.0,9.79,74.21,85.62,84,62.25,173,28.93,35,25.74
nuscenes,tx,0.0,8.73,99.95,99.91,84,100.0,173,100.0,35,0.0
nuscenes,tx,0.02,8.72,99.72,99.54,84,99.97,173,100.0,35,0.22
nuscenes,tx,0.05,8.73,99.52,99.25,84,99.89,173,99.87,35,0.43
nuscenes,tx,0.1,8.72,98.96,98.45,84,99.63,173,99.87,35,0.99
nuscenes,ty,0.0,8.73,99.95,99.91,84,100.0,173,100.0,35,0.0
nuscenes,ty,0.02,8.76,100.0,100.0,84,100.0,173,100.0,35,-0.05
nuscenes,ty,0.05,8.81,100.0,100.0,84,100.0,173,100.0,35,-0.05
nuscenes,ty,0.1,8.89,99.99,99.98,84,100.0,173,100.0,35,-0.04
nuscenes,tz,0.0,8.73,99.95,99.91,84,100.0,173,100.0,35,0.0
nuscenes,tz,0.02,8.79,99.94,99.89,84,100.0,173,100.0,35,0.01
nuscenes,tz,0.05,8.87,99.67,99.43,84,100.0,173,100.0,35,0.28
nuscenes,tz,0.1,9.07,99.28,98.76,84,99.98,173,100.0,35,0.67
