grid,dataset,kind,level,mean_score,mean_drift_stat,threshold,detection_rate,n_windows
all6dof,kitti,yaw,0.0,0.4323,0.0156,0.0272,0.0,4
all6dof,kitti,yaw,0.5,0.3946,0.0929,0.0272,1.0,4
all6dof,kitti,yaw,1.0,0.375,0.151,0.0272,1.0,4
all6dof,kitti,yaw,2.0,0.3666,0.1775,0.0272,1.0,4
all6dof,kitti,yaw,3.0,0.3625,0.1933,0.0272,1.0,4
all6dof,kitti,pitch,0.0,0.4323,0.0156,0.0272,0.0,4
all6dof,kitti,pitch,0.5,0.4159,0.0475,0.0272,0.75,4
all6dof,kitti,pitch,1.0,0.4065,0.0729,0.0272,1.0,4
all6dof,kitti,pitch,2.0,0.3886,0.1152,0.0272,0.75,4
all6dof,kitti,pitch,3.0,0.3589,0.2027,0.0272,1.0,4
all6dof,kitti,roll,0.0,0.4323,0.0156,0.0272,0.0,4
all6dof,kitti,roll,0.5,0.428,0.022,0.0272,0.25,4
all6dof,kitti,roll,1.0,0.4213,0.033,0.0272,0.5,4
all6dof,kitti,roll,2.0,0.412,0.0588,0.0272,1.0,4
all6dof,kitti,roll,3.0,0.4052,0.0802,0.0272,1.0,4
all6dof,kitti,tx,0.0,0.4323,0.0156,0.0272,0.0,4
all6dof,kitti,tx,0.02,0.433,0.0138,0.0272,0.0,4
all6dof,kitti,tx,0.05,0.4328,0.0112,0.0272,0.25,4
all6dof,kitti,tx,0.1,0.4287,0.0199,0.0272,0.25,4
all6dof,kitti,ty,0.0,0.4323,0.0156,0.0272,0.0,4
all6dof,kitti,ty,0.02,0.4352,0.0064,0.0272,0.0,4
all6dof,kitti,ty,0.05,0.4325,0.0063,0.0272,0.0,4
all6dof,kitti,ty,0.1,0.4142,0.0472,0.0272,0.75,4
all6dof,kitti,tz,0.0,0.4323,0.0156,0.0272,0.0,4
all6dof,kitti,tz,0.02,0.4301,0.0143,0.0272,0.25,4
all6dof,kitti,tz,0.05,0.424,0.0278,0.0272,0.25,4
all6dof,kitti,tz,0.1,0.4146,0.0486,0.0272,1.0,4
all6dof,nuscenes,yaw,0.0,0.1729,0.0969,0.2774,0.0,16
all6dof,nuscenes,yaw,0.5,0.1571,0.1611,0.2774,0.125,16
all6dof,nuscenes,yaw,1.0,0.1498,0.207,0.2774,0.1875,16
all6dof,nuscenes,yaw,2.0,0.1496,0.1987,0.2774,0.25,16
all6dof,nuscenes,yaw,3.0,0.1493,0.2129,0.2774,0.375,16
all6dof,nuscenes,pitch,0.0,0.1729,0.0969,0.2774,0.0,16
all6dof,nuscenes,pitch,0.5,0.1747,0.0795,0.2774,0.0,16
all6dof,nuscenes,pitch,1.0,0.1742,0.076,0.2774,0.0,16
all6dof,nuscenes,pitch,2.0,0.1708,0.0798,0.2774,0.0,16
all6dof,nuscenes,pitch,3.0,0.1648,0.1088,0.2774,0.0,16
all6dof,nuscenes,roll,0.0,0.1729,0.0969,0.2774,0.0,16
all6dof,nuscenes,roll,0.5,0.1729,0.0924,0.2774,0.0,16
all6dof,nuscenes,roll,1.0,0.155,0.2098,0.2774,0.25,16
all6dof,nuscenes,roll,2.0,0.1408,0.2845,0.2774,0.5,16
all6dof,nuscenes,roll,3.0,0.1271,0.3997,0.2774,0.8125,16
all6dof,nuscenes,tx,0.0,0.1729,0.0969,0.2774,0.0,16
all6dof,nuscenes,tx,0.02,0.173,0.0921,0.2774,0.0625,16
all6dof,nuscenes,tx,0.05,0.1715,0.0903,0.2774,0.0625,16
all6dof,nuscenes,tx,0.1,0.1696,0.0971,0.2774,0.0625,16
all6dof,nuscenes,ty,0.0,0.1729,0.0969,0.2774,0.0,16
all6dof,nuscenes,ty,0.02,0.1732,0.0938,0.2774,0.0,16
all6dof,nuscenes,ty,0.05,0.1732,0.0955,0.2774,0.0,16
all6dof,nuscenes,ty,0.1,0.1715,0.0992,0.2774,0.0,16
all6dof,nuscenes,tz,0.0,0.1729,0.0969,0.2774,0.0,16
all6dof,nuscenes,tz,0.02,0.175,0.0817,0.2774,0.0,16
all6dof,nuscenes,tz,0.05,0.1744,0.0881,0.2774,0.0625,16
all6dof,nuscenes,tz,0.1,0.1769,0.0684,0.2774,0.0,16
yaw_only,kitti,yaw,0.0,0.4323,-0.0844,-0.0459,0.0,4
yaw_only,kitti,yaw,0.5,0.3946,0.0929,-0.0459,1.0,4
yaw_only,kitti,yaw,1.0,0.375,0.151,-0.0459,1.0,4
yaw_only,kitti,yaw,2.0,0.3666,0.1775,-0.0459,1.0,4
yaw_only,kitti,yaw,3.0,0.3625,0.1933,-0.0459,1.0,4
yaw_only,kitti,pitch,0.0,0.4323,-0.0844,-0.0459,0.0,4
yaw_only,kitti,pitch,0.5,0.4159,-0.0539,-0.0459,0.25,4
yaw_only,kitti,pitch,1.0,0.4065,-0.0447,-0.0459,0.5,4
yaw_only,kitti,pitch,2.0,0.3886,-0.0265,-0.0459,0.75,4
yaw_only,kitti,pitch,3.0,0.3589,0.0003,-0.0459,0.75,4
yaw_only,kitti,roll,0.0,0.4323,-0.0844,-0.0459,0.0,4
yaw_only,kitti,roll,0.5,0.428,-0.0836,-0.0459,0.25,4
yaw_only,kitti,roll,1.0,0.4213,-0.0726,-0.0459,0.25,4
yaw_only,kitti,roll,2.0,0.412,-0.0665,-0.0459,0.25,4
yaw_only,kitti,roll,3.0,0.4052,-0.0512,-0.0459,0.5,4
yaw_only,kitti,tx,0.0,0.4323,-0.0844,-0.0459,0.0,4
yaw_only,kitti,tx,0.02,0.433,-0.088,-0.0459,0.25,4
yaw_only,kitti,tx,0.05,0.4328,-0.0888,-0.0459,0.25,4
yaw_only,kitti,tx,0.1,0.4287,-0.0814,-0.0459,0.25,4
yaw_only,kitti,ty,0.0,0.4323,-0.0844,-0.0459,0.0,4
yaw_only,kitti,ty,0.02,0.4352,-0.1035,-0.0459,0.0,4
yaw_only,kitti,ty,0.05,0.4325,-0.0933,-0.0459,0.0,4
yaw_only,kitti,ty,0.1,0.4142,-0.0218,-0.0459,0.75,4
yaw_only,kitti,tz,0.0,0.4323,-0.0844,-0.0459,0.0,4
yaw_only,kitti,tz,0.02,0.4301,-0.0843,-0.0459,0.25,4
yaw_only,kitti,tz,0.05,0.424,-0.0744,-0.0459,0.25,4
yaw_only,kitti,tz,0.1,0.4146,-0.0594,-0.0459,0.25,4
yaw_only,nuscenes,yaw,0.0,0.1729,-0.0345,0.0955,0.0,16
yaw_only,nuscenes,yaw,0.5,0.1571,0.1056,0.0955,0.5625,16
yaw_only,nuscenes,yaw,1.0,0.1498,0.1666,0.0955,0.6875,16
yaw_only,nuscenes,yaw,2.0,0.1496,0.1778,0.0955,0.75,16
yaw_only,nuscenes,yaw,3.0,0.1493,0.1968,0.0955,0.6875,16
yaw_only,nuscenes,pitch,0.0,0.1729,-0.0345,0.0955,0.0,16
yaw_only,nuscenes,pitch,0.5,0.1747,-0.0318,0.0955,0.0,16
yaw_only,nuscenes,pitch,1.0,0.1742,-0.0239,0.0955,0.0,16
yaw_only,nuscenes,pitch,2.0,0.1708,0.0005,0.0955,0.0,16
yaw_only,nuscenes,pitch,3.0,0.1648,0.039,0.0955,0.1875,16
yaw_only,nuscenes,roll,0.0,0.1729,-0.0345,0.0955,0.0,16
yaw_only,nuscenes,roll,0.5,0.1729,-0.0403,0.0955,0.0,16
yaw_only,nuscenes,roll,1.0,0.155,0.0325,0.0955,0.3125,16
yaw_only,nuscenes,roll,2.0,0.1408,0.0579,0.0955,0.375,16
yaw_only,nuscenes,roll,3.0,0.1271,0.0711,0.0955,0.4375,16
yaw_only,nuscenes,tx,0.0,0.1729,-0.0345,0.0955,0.0,16
yaw_only,nuscenes,tx,0.02,0.173,-0.0334,0.0955,0.0625,16
yaw_only,nuscenes,tx,0.05,0.1715,-0.024,0.0955,0.0,16
yaw_only,nuscenes,tx,0.1,0.1696,-0.0017,0.0955,0.125,16
yaw_only,nuscenes,ty,0.0,0.1729,-0.0345,0.0955,0.0,16
yaw_only,nuscenes,ty,0.02,0.1732,-0.04,0.0955,0.0,16
yaw_only,nuscenes,ty,0.05,0.1732,-0.0399,0.0955,0.0,16
yaw_only,nuscenes,ty,0.1,0.1715,-0.0306,0.0955,0.0,16
yaw_only,nuscenes,tz,0.0,0.1729,-0.0345,0.0955,0.0,16
yaw_only,nuscenes,tz,0.02,0.175,-0.0476,0.0955,0.0,16
yaw_only,nuscenes,tz,0.05,0.1744,-0.0379,0.0955,0.0,16
yaw_only,nuscenes,tz,0.1,0.1769,-0.0453,0.0955,0.0,16
