grid,dataset,kind,level,window,first_frame,score,best_neighbour,drift_stat,threshold,detected
all6dof,kitti,yaw,0.0,0,000001,0.3242,pitch+2,0.0179,0.0272,False
all6dof,kitti,yaw,0.5,0,000001,0.3077,yaw-0.5,0.0536,0.0272,True
all6dof,kitti,yaw,1.0,0,000001,0.2949,yaw-1,0.0992,0.0272,True
all6dof,kitti,yaw,2.0,0,000001,0.2837,yaw-2,0.1428,0.0272,True
all6dof,kitti,yaw,3.0,0,000001,0.2781,yaw-3,0.1655,0.0272,True
all6dof,kitti,pitch,0.0,0,000001,0.3242,pitch+2,0.0179,0.0272,False
all6dof,kitti,pitch,0.5,0,000001,0.3131,roll+3,0.061,0.0272,True
all6dof,kitti,pitch,1.0,0,000001,0.3197,roll+3,0.0578,0.0272,True
all6dof,kitti,pitch,2.0,0,000001,0.33,roll-0.5,0.0163,0.0272,False
all6dof,kitti,pitch,3.0,0,000001,0.3201,pitch-1,0.0309,0.0272,True
all6dof,kitti,roll,0.0,0,000001,0.3242,pitch+2,0.0179,0.0272,False
all6dof,kitti,roll,0.5,0,000001,0.3148,roll+3,0.0586,0.0272,True
all6dof,kitti,roll,1.0,0,000001,0.3145,roll+3,0.0557,0.0272,True
all6dof,kitti,roll,2.0,0,000001,0.3213,roll+3,0.0562,0.0272,True
all6dof,kitti,roll,3.0,0,000001,0.3281,roll+3,0.0588,0.0272,True
all6dof,kitti,tx,0.0,0,000001,0.3242,pitch+2,0.0179,0.0272,False
all6dof,kitti,tx,0.02,0,000001,0.3233,pitch+2,0.022,0.0272,False
all6dof,kitti,tx,0.05,0,000001,0.3229,pitch+2,0.0199,0.0272,False
all6dof,kitti,tx,0.1,0,000001,0.3229,pitch+2,0.0187,0.0272,False
all6dof,kitti,ty,0.0,0,000001,0.3242,pitch+2,0.0179,0.0272,False
all6dof,kitti,ty,0.02,0,000001,0.325,pitch+2,0.0156,0.0272,False
all6dof,kitti,ty,0.05,0,000001,0.3258,tx-0.05,0.0064,0.0272,False
all6dof,kitti,ty,0.1,0,000001,0.3199,pitch+2,0.0213,0.0272,False
all6dof,kitti,tz,0.0,0,000001,0.3242,pitch+2,0.0179,0.0272,False
all6dof,kitti,tz,0.02,0,000001,0.3214,pitch+2,0.0296,0.0272,True
all6dof,kitti,tz,0.05,0,000001,0.3152,pitch+2,0.0544,0.0272,True
all6dof,kitti,tz,0.1,0,000001,0.3098,pitch+2,0.0672,0.0272,True
all6dof,kitti,yaw,0.0,1,000010,0.4713,tx-0.05,0.0142,0.0272,False
all6dof,kitti,yaw,0.5,1,000010,0.4159,yaw-0.5,0.1331,0.0272,True
all6dof,kitti,yaw,1.0,1,000010,0.3923,yaw-1,0.2013,0.0272,True
all6dof,kitti,yaw,2.0,1,000010,0.3901,yaw-2,0.2083,0.0272,True
all6dof,kitti,yaw,3.0,1,000010,0.3891,yaw-3,0.2113,0.0272,True
all6dof,kitti,pitch,0.0,1,000010,0.4713,tx-0.05,0.0142,0.0272,False
all6dof,kitti,pitch,0.5,1,000010,0.4492,pitch-0.5,0.0493,0.0272,True
all6dof,kitti,pitch,1.0,1,000010,0.4349,pitch-1,0.0838,0.0272,True
all6dof,kitti,pitch,2.0,1,000010,0.4049,pitch-2,0.1641,0.0272,True
all6dof,kitti,pitch,3.0,1,000010,0.3684,pitch-3,0.2793,0.0272,True
all6dof,kitti,roll,0.0,1,000010,0.4713,tx-0.05,0.0142,0.0272,False
all6dof,kitti,roll,0.5,1,000010,0.4696,tx-0.05,0.006,0.0272,False
all6dof,kitti,roll,1.0,1,000010,0.4591,roll-1,0.0265,0.0272,False
all6dof,kitti,roll,2.0,1,000010,0.4431,roll-2,0.0636,0.0272,True
all6dof,kitti,roll,3.0,1,000010,0.4284,roll-3,0.1002,0.0272,True
all6dof,kitti,tx,0.0,1,000010,0.4713,tx-0.05,0.0142,0.0272,False
all6dof,kitti,tx,0.02,1,000010,0.4663,tx-0.05,0.0222,0.0272,False
all6dof,kitti,tx,0.05,1,000010,0.46,tx-0.1,0.039,0.0272,True
all6dof,kitti,tx,0.1,1,000010,0.4538,tx-0.1,0.0385,0.0272,True
all6dof,kitti,ty,0.0,1,000010,0.4713,tx-0.05,0.0142,0.0272,False
all6dof,kitti,ty,0.02,1,000010,0.4731,tx-0.05,0.0058,0.0272,False
all6dof,kitti,ty,0.05,1,000010,0.4693,ty-0.05,0.0043,0.0272,False
all6dof,kitti,ty,0.1,1,000010,0.4458,ty-0.1,0.0573,0.0272,True
all6dof,kitti,tz,0.0,1,000010,0.4713,tx-0.05,0.0142,0.0272,False
all6dof,kitti,tz,0.02,1,000010,0.4717,tx-0.05,0.0091,0.0272,False
all6dof,kitti,tz,0.05,1,000010,0.4688,tx-0.05,0.0085,0.0272,False
all6dof,kitti,tz,0.1,1,000010,0.4587,tz-0.1,0.0274,0.0272,True
all6dof,kitti,yaw,0.0,2,000019,0.4477,tx+0.05,0.0081,0.0272,False
all6dof,kitti,yaw,0.5,2,000019,0.4096,yaw-0.5,0.0928,0.0272,True
all6dof,kitti,yaw,1.0,2,000019,0.3775,yaw-1,0.1857,0.0272,True
all6dof,kitti,yaw,2.0,2,000019,0.3716,yaw-2,0.2047,0.0272,True
all6dof,kitti,yaw,3.0,2,000019,0.3566,yaw-3,0.2552,0.0272,True
all6dof,kitti,pitch,0.0,2,000019,0.4477,tx+0.05,0.0081,0.0272,False
all6dof,kitti,pitch,0.5,2,000019,0.4225,pitch-0.5,0.0595,0.0272,True
all6dof,kitti,pitch,1.0,2,000019,0.4008,pitch-1,0.1169,0.0272,True
all6dof,kitti,pitch,2.0,2,000019,0.3888,pitch-2,0.1514,0.0272,True
all6dof,kitti,pitch,3.0,2,000019,0.3573,pitch-3,0.2527,0.0272,True
all6dof,kitti,roll,0.0,2,000019,0.4477,tx+0.05,0.0081,0.0272,False
all6dof,kitti,roll,0.5,2,000019,0.4446,roll-0.5,0.007,0.0272,False
all6dof,kitti,roll,1.0,2,000019,0.4334,roll-1,0.0328,0.0272,True
all6dof,kitti,roll,2.0,2,000019,0.4177,roll-2,0.0718,0.0272,True
all6dof,kitti,roll,3.0,2,000019,0.4109,roll-3,0.0894,0.0272,True
all6dof,kitti,tx,0.0,2,000019,0.4477,tx+0.05,0.0081,0.0272,False
all6dof,kitti,tx,0.02,2,000019,0.4513,tx+0.05,-0.0014,0.0272,False
all6dof,kitti,tx,0.05,2,000019,0.4513,tx-0.05,-0.0081,0.0272,False
all6dof,kitti,tx,0.1,2,000019,0.4451,tx-0.05,0.0139,0.0272,False
all6dof,kitti,ty,0.0,2,000019,0.4477,tx+0.05,0.0081,0.0272,False
all6dof,kitti,ty,0.02,2,000019,0.4485,tx+0.05,0.002,0.0272,False
all6dof,kitti,ty,0.05,2,000019,0.4424,ty-0.05,0.012,0.0272,False
all6dof,kitti,ty,0.1,2,000019,0.4237,ty-0.1,0.0566,0.0272,True
all6dof,kitti,tz,0.0,2,000019,0.4477,tx+0.05,0.0081,0.0272,False
all6dof,kitti,tz,0.02,2,000019,0.4464,tx+0.05,-0.0011,0.0272,False
all6dof,kitti,tz,0.05,2,000019,0.4384,tz-0.05,0.021,0.0272,False
all6dof,kitti,tz,0.1,2,000019,0.4229,tz-0.1,0.0585,0.0272,True
all6dof,kitti,yaw,0.0,3,000032,0.4862,tx+0.05,0.0222,0.0272,False
all6dof,kitti,yaw,0.5,3,000032,0.4452,yaw-0.5,0.0922,0.0272,True
all6dof,kitti,yaw,1.0,3,000032,0.435,yaw-1,0.1177,0.0272,True
all6dof,kitti,yaw,2.0,3,000032,0.4212,yaw-2,0.1543,0.0272,True
all6dof,kitti,yaw,3.0,3,000032,0.426,yaw-3,0.1413,0.0272,True
all6dof,kitti,pitch,0.0,3,000032,0.4862,tx+0.05,0.0222,0.0272,False
all6dof,kitti,pitch,0.5,3,000032,0.4787,ty+0.05,0.0201,0.0272,False
all6dof,kitti,pitch,1.0,3,000032,0.4706,pitch-1,0.0333,0.0272,True
all6dof,kitti,pitch,2.0,3,000032,0.4306,pitch-2,0.1292,0.0272,True
all6dof,kitti,pitch,3.0,3,000032,0.3896,pitch-3,0.2479,0.0272,True
all6dof,kitti,roll,0.0,3,000032,0.4862,tx+0.05,0.0222,0.0272,False
all6dof,kitti,roll,0.5,3,000032,0.4833,tx+0.05,0.0162,0.0272,False
all6dof,kitti,roll,1.0,3,000032,0.4781,roll-1,0.0171,0.0272,False
all6dof,kitti,roll,2.0,3,000032,0.4659,roll-2,0.0436,0.0272,True
all6dof,kitti,roll,3.0,3,000032,0.4534,roll-3,0.0725,0.0272,True
all6dof,kitti,tx,0.0,3,000032,0.4862,tx+0.05,0.0222,0.0272,False
all6dof,kitti,tx,0.02,3,000032,0.491,tx+0.05,0.0126,0.0272,False
all6dof,kitti,tx,0.05,3,000032,0.497,tz-0.05,-0.0062,0.0272,False
all6dof,kitti,tx,0.1,3,000032,0.4928,tx-0.05,0.0085,0.0272,False
all6dof,kitti,ty,0.0,3,000032,0.4862,tx+0.05,0.0222,0.0272,False
all6dof,kitti,ty,0.02,3,000032,0.4944,tx+0.05,0.0021,0.0272,False
all6dof,kitti,ty,0.05,3,000032,0.4924,tz-0.05,0.0024,0.0272,False
all6dof,kitti,ty,0.1,3,000032,0.4674,ty-0.05,0.0535,0.0272,True
all6dof,kitti,tz,0.0,3,000032,0.4862,tx+0.05,0.0222,0.0272,False
all6dof,kitti,tz,0.02,3,000032,0.4811,tx+0.05,0.0196,0.0272,False
all6dof,kitti,tz,0.05,3,000032,0.4734,tz-0.05,0.0271,0.0272,False
all6dof,kitti,tz,0.1,3,000032,0.4669,tz-0.1,0.0413,0.0272,True
all6dof,nuscenes,yaw,0.0,0,scene-0103_000,0.2177,tz+0.1,0.0485,0.2774,False
all6dof,nuscenes,yaw,0.5,0,scene-0103_000,0.183,yaw-0.5,0.1895,0.2774,False
all6dof,nuscenes,yaw,1.0,0,scene-0103_000,0.1786,yaw-1,0.2187,0.2774,False
all6dof,nuscenes,yaw,2.0,0,scene-0103_000,0.1735,yaw-2,0.2546,0.2774,False
all6dof,nuscenes,yaw,3.0,0,scene-0103_000,0.1934,yaw-3,0.1255,0.2774,False
all6dof,nuscenes,pitch,0.0,0,scene-0103_000,0.2177,tz+0.1,0.0485,0.2774,False
all6dof,nuscenes,pitch,0.5,0,scene-0103_000,0.2196,tz+0.05,0.0356,0.2774,False
all6dof,nuscenes,pitch,1.0,0,scene-0103_000,0.2184,roll-1,0.0109,0.2774,False
all6dof,nuscenes,pitch,2.0,0,scene-0103_000,0.2037,pitch-1,0.0723,0.2774,False
all6dof,nuscenes,pitch,3.0,0,scene-0103_000,0.1919,pitch-2,0.138,0.2774,False
all6dof,nuscenes,roll,0.0,0,scene-0103_000,0.2177,tz+0.1,0.0485,0.2774,False
all6dof,nuscenes,roll,0.5,0,scene-0103_000,0.2097,tz-0.1,0.0697,0.2774,False
all6dof,nuscenes,roll,1.0,0,scene-0103_000,0.1843,roll-1,0.1814,0.2774,False
all6dof,nuscenes,roll,2.0,0,scene-0103_000,0.1607,roll-2,0.3548,0.2774,True
all6dof,nuscenes,roll,3.0,0,scene-0103_000,0.1581,roll-3,0.3771,0.2774,True
all6dof,nuscenes,tx,0.0,0,scene-0103_000,0.2177,tz+0.1,0.0485,0.2774,False
all6dof,nuscenes,tx,0.02,0,scene-0103_000,0.2194,tz+0.1,0.048,0.2774,False
all6dof,nuscenes,tx,0.05,0,scene-0103_000,0.2159,tz+0.1,0.0282,0.2774,False
all6dof,nuscenes,tx,0.1,0,scene-0103_000,0.2033,tx-0.1,0.0709,0.2774,False
all6dof,nuscenes,ty,0.0,0,scene-0103_000,0.2177,tz+0.1,0.0485,0.2774,False
all6dof,nuscenes,ty,0.02,0,scene-0103_000,0.2191,tz+0.1,0.0431,0.2774,False
all6dof,nuscenes,ty,0.05,0,scene-0103_000,0.2199,tz+0.1,0.0289,0.2774,False
all6dof,nuscenes,ty,0.1,0,scene-0103_000,0.2159,tz+0.1,0.0279,0.2774,False
all6dof,nuscenes,tz,0.0,0,scene-0103_000,0.2177,tz+0.1,0.0485,0.2774,False
all6dof,nuscenes,tz,0.02,0,scene-0103_000,0.2196,tz+0.1,0.0362,0.2774,False
all6dof,nuscenes,tz,0.05,0,scene-0103_000,0.2207,tz+0.05,0.0342,0.2774,False
all6dof,nuscenes,tz,0.1,0,scene-0103_000,0.2282,ty-0.05,-0.005,0.2774,False
all6dof,nuscenes,yaw,0.0,1,scene-0103_005,0.2019,roll-1,0.0366,0.2774,False
all6dof,nuscenes,yaw,0.5,1,scene-0103_005,0.1635,yaw-0.5,0.2348,0.2774,False
all6dof,nuscenes,yaw,1.0,1,scene-0103_005,0.1405,yaw-1,0.4367,0.2774,True
all6dof,nuscenes,yaw,2.0,1,scene-0103_005,0.1461,yaw-2,0.382,0.2774,True
all6dof,nuscenes,yaw,3.0,1,scene-0103_005,0.1426,yaw-3,0.4154,0.2774,True
all6dof,nuscenes,pitch,0.0,1,scene-0103_005,0.2019,roll-1,0.0366,0.2774,False
all6dof,nuscenes,pitch,0.5,1,scene-0103_005,0.1926,roll-1,0.0954,0.2774,False
all6dof,nuscenes,pitch,1.0,1,scene-0103_005,0.1828,roll-3,0.1733,0.2774,False
all6dof,nuscenes,pitch,2.0,1,scene-0103_005,0.1773,roll-3,0.1559,0.2774,False
all6dof,nuscenes,pitch,3.0,1,scene-0103_005,0.1714,roll-3,0.193,0.2774,False
all6dof,nuscenes,roll,0.0,1,scene-0103_005,0.2019,roll-1,0.0366,0.2774,False
all6dof,nuscenes,roll,0.5,1,scene-0103_005,0.1893,roll-2,0.0933,0.2774,False
all6dof,nuscenes,roll,1.0,1,scene-0103_005,0.1651,roll-2,0.2675,0.2774,False
all6dof,nuscenes,roll,2.0,1,scene-0103_005,0.1628,roll-3,0.2855,0.2774,True
all6dof,nuscenes,roll,3.0,1,scene-0103_005,0.1505,roll-3,0.3409,0.2774,True
all6dof,nuscenes,tx,0.0,1,scene-0103_005,0.2019,roll-1,0.0366,0.2774,False
all6dof,nuscenes,tx,0.02,1,scene-0103_005,0.198,roll-1,0.0474,0.2774,False
all6dof,nuscenes,tx,0.05,1,scene-0103_005,0.1886,roll-2,0.0897,0.2774,False
all6dof,nuscenes,tx,0.1,1,scene-0103_005,0.1793,tx-0.1,0.1258,0.2774,False
all6dof,nuscenes,ty,0.0,1,scene-0103_005,0.2019,roll-1,0.0366,0.2774,False
all6dof,nuscenes,ty,0.02,1,scene-0103_005,0.203,roll-1,0.0209,0.2774,False
all6dof,nuscenes,ty,0.05,1,scene-0103_005,0.1993,roll-1,0.0321,0.2774,False
all6dof,nuscenes,ty,0.1,1,scene-0103_005,0.1894,ty-0.1,0.0658,0.2774,False
all6dof,nuscenes,tz,0.0,1,scene-0103_005,0.2019,roll-1,0.0366,0.2774,False
all6dof,nuscenes,tz,0.02,1,scene-0103_005,0.2004,roll-1,0.0511,0.2774,False
all6dof,nuscenes,tz,0.05,1,scene-0103_005,0.1921,roll-1,0.0796,0.2774,False
all6dof,nuscenes,tz,0.1,1,scene-0103_005,0.1932,roll-0.5,0.0676,0.2774,False
all6dof,nuscenes,yaw,0.0,2,scene-0103_010,0.1527,roll-2,0.2724,0.2774,False
all6dof,nuscenes,yaw,0.5,2,scene-0103_010,0.1397,roll-3,0.3298,0.2774,True
all6dof,nuscenes,yaw,1.0,2,scene-0103_010,0.114,roll-3,0.5108,0.2774,True
all6dof,nuscenes,yaw,2.0,2,scene-0103_010,0.1145,roll-3,0.363,0.2774,True
all6dof,nuscenes,yaw,3.0,2,scene-0103_010,0.1054,yaw-3,0.4481,0.2774,True
all6dof,nuscenes,pitch,0.0,2,scene-0103_010,0.1527,roll-2,0.2724,0.2774,False
all6dof,nuscenes,pitch,0.5,2,scene-0103_010,0.1517,roll-2,0.2197,0.2774,False
all6dof,nuscenes,pitch,1.0,2,scene-0103_010,0.1498,roll-3,0.2062,0.2774,False
all6dof,nuscenes,pitch,2.0,2,scene-0103_010,0.1507,roll-3,0.2133,0.2774,False
all6dof,nuscenes,pitch,3.0,2,scene-0103_010,0.1479,roll-3,0.1274,0.2774,False
all6dof,nuscenes,roll,0.0,2,scene-0103_010,0.1527,roll-2,0.2724,0.2774,False
all6dof,nuscenes,roll,0.5,2,scene-0103_010,0.1564,roll-3,0.0706,0.2774,False
all6dof,nuscenes,roll,1.0,2,scene-0103_010,0.1399,roll-3,0.3881,0.2774,True
all6dof,nuscenes,roll,2.0,2,scene-0103_010,0.1117,roll-3,0.5219,0.2774,True
all6dof,nuscenes,roll,3.0,2,scene-0103_010,0.0978,roll-3,0.5602,0.2774,True
all6dof,nuscenes,tx,0.0,2,scene-0103_010,0.1527,roll-2,0.2724,0.2774,False
all6dof,nuscenes,tx,0.02,2,scene-0103_010,0.1505,roll-2,0.2692,0.2774,False
all6dof,nuscenes,tx,0.05,2,scene-0103_010,0.1441,roll-2,0.2842,0.2774,True
all6dof,nuscenes,tx,0.1,2,scene-0103_010,0.1392,roll-2,0.3044,0.2774,True
all6dof,nuscenes,ty,0.0,2,scene-0103_010,0.1527,roll-2,0.2724,0.2774,False
all6dof,nuscenes,ty,0.02,2,scene-0103_010,0.1527,roll-2,0.2596,0.2774,False
all6dof,nuscenes,ty,0.05,2,scene-0103_010,0.1523,roll-2,0.2767,0.2774,False
all6dof,nuscenes,ty,0.1,2,scene-0103_010,0.156,roll-2,0.2326,0.2774,False
all6dof,nuscenes,tz,0.0,2,scene-0103_010,0.1527,roll-2,0.2724,0.2774,False
all6dof,nuscenes,tz,0.02,2,scene-0103_010,0.1548,roll-2,0.2673,0.2774,False
all6dof,nuscenes,tz,0.05,2,scene-0103_010,0.1516,roll-2,0.2884,0.2774,True
all6dof,nuscenes,tz,0.1,2,scene-0103_010,0.1541,roll-2,0.2295,0.2774,False
all6dof,nuscenes,yaw,0.0,3,scene-0103_015,0.1295,roll-3,0.2402,0.2774,False
all6dof,nuscenes,yaw,0.5,3,scene-0103_015,0.1203,roll-3,0.3794,0.2774,True
all6dof,nuscenes,yaw,1.0,3,scene-0103_015,0.1136,roll-3,0.3776,0.2774,True
all6dof,nuscenes,yaw,2.0,3,scene-0103_015,0.105,roll-3,0.3906,0.2774,True
all6dof,nuscenes,yaw,3.0,3,scene-0103_015,0.1012,roll-3,0.3301,0.2774,True
all6dof,nuscenes,pitch,0.0,3,scene-0103_015,0.1295,roll-3,0.2402,0.2774,False
all6dof,nuscenes,pitch,0.5,3,scene-0103_015,0.1303,roll-3,0.1659,0.2774,False
all6dof,nuscenes,pitch,1.0,3,scene-0103_015,0.1304,roll-3,0.1804,0.2774,False
all6dof,nuscenes,pitch,2.0,3,scene-0103_015,0.1404,yaw-3,0.0608,0.2774,False
all6dof,nuscenes,pitch,3.0,3,scene-0103_015,0.1473,tz-0.05,0.0235,0.2774,False
all6dof,nuscenes,roll,0.0,3,scene-0103_015,0.1295,roll-3,0.2402,0.2774,False
all6dof,nuscenes,roll,0.5,3,scene-0103_015,0.1322,roll-2,0.2229,0.2774,False
all6dof,nuscenes,roll,1.0,3,scene-0103_015,0.1128,roll-3,0.3177,0.2774,True
all6dof,nuscenes,roll,2.0,3,scene-0103_015,0.0955,roll-3,0.5419,0.2774,True
all6dof,nuscenes,roll,3.0,3,scene-0103_015,0.0804,roll-3,0.6112,0.2774,True
all6dof,nuscenes,tx,0.0,3,scene-0103_015,0.1295,roll-3,0.2402,0.2774,False
all6dof,nuscenes,tx,0.02,3,scene-0103_015,0.1249,roll-3,0.2799,0.2774,True
all6dof,nuscenes,tx,0.05,3,scene-0103_015,0.1302,roll-3,0.175,0.2774,False
all6dof,nuscenes,tx,0.1,3,scene-0103_015,0.126,roll-3,0.2489,0.2774,False
all6dof,nuscenes,ty,0.0,3,scene-0103_015,0.1295,roll-3,0.2402,0.2774,False
all6dof,nuscenes,ty,0.02,3,scene-0103_015,0.133,roll-3,0.213,0.2774,False
all6dof,nuscenes,ty,0.05,3,scene-0103_015,0.1345,roll-3,0.2214,0.2774,False
all6dof,nuscenes,ty,0.1,3,scene-0103_015,0.1318,roll-3,0.254,0.2774,False
all6dof,nuscenes,tz,0.0,3,scene-0103_015,0.1295,roll-3,0.2402,0.2774,False
all6dof,nuscenes,tz,0.02,3,scene-0103_015,0.1354,roll-3,0.1747,0.2774,False
all6dof,nuscenes,tz,0.05,3,scene-0103_015,0.1433,roll-3,0.091,0.2774,False
all6dof,nuscenes,tz,0.1,3,scene-0103_015,0.141,roll-3,0.1055,0.2774,False
all6dof,nuscenes,yaw,0.0,4,scene-0103_020,0.121,roll-2,0.0532,0.2774,False
all6dof,nuscenes,yaw,0.5,4,scene-0103_020,0.1104,roll-2,0.115,0.2774,False
all6dof,nuscenes,yaw,1.0,4,scene-0103_020,0.1052,roll-2,0.1754,0.2774,False
all6dof,nuscenes,yaw,2.0,4,scene-0103_020,0.0977,yaw-2,0.239,0.2774,False
all6dof,nuscenes,yaw,3.0,4,scene-0103_020,0.1012,yaw-3,0.1954,0.2774,False
all6dof,nuscenes,pitch,0.0,4,scene-0103_020,0.121,roll-2,0.0532,0.2774,False
all6dof,nuscenes,pitch,0.5,4,scene-0103_020,0.117,pitch+1,0.1113,0.2774,False
all6dof,nuscenes,pitch,1.0,4,scene-0103_020,0.1257,pitch+0.5,0.0342,0.2774,False
all6dof,nuscenes,pitch,2.0,4,scene-0103_020,0.1232,roll-0.5,0.116,0.2774,False
all6dof,nuscenes,pitch,3.0,4,scene-0103_020,0.1268,roll-1,0.104,0.2774,False
all6dof,nuscenes,roll,0.0,4,scene-0103_020,0.121,roll-2,0.0532,0.2774,False
all6dof,nuscenes,roll,0.5,4,scene-0103_020,0.1125,roll-3,0.1812,0.2774,False
all6dof,nuscenes,roll,1.0,4,scene-0103_020,0.095,roll-3,0.3419,0.2774,True
all6dof,nuscenes,roll,2.0,4,scene-0103_020,0.0894,roll-2,0.3536,0.2774,True
all6dof,nuscenes,roll,3.0,4,scene-0103_020,0.0791,roll-3,0.5299,0.2774,True
all6dof,nuscenes,tx,0.0,4,scene-0103_020,0.121,roll-2,0.0532,0.2774,False
all6dof,nuscenes,tx,0.02,4,scene-0103_020,0.1205,pitch+1,0.0573,0.2774,False
all6dof,nuscenes,tx,0.05,4,scene-0103_020,0.1163,pitch+2,0.0854,0.2774,False
all6dof,nuscenes,tx,0.1,4,scene-0103_020,0.1162,roll-2,0.0867,0.2774,False
all6dof,nuscenes,ty,0.0,4,scene-0103_020,0.121,roll-2,0.0532,0.2774,False
all6dof,nuscenes,ty,0.02,4,scene-0103_020,0.1204,pitch+3,0.0519,0.2774,False
all6dof,nuscenes,ty,0.05,4,scene-0103_020,0.1213,pitch+2,0.043,0.2774,False
all6dof,nuscenes,ty,0.1,4,scene-0103_020,0.1182,pitch+3,0.0896,0.2774,False
all6dof,nuscenes,tz,0.0,4,scene-0103_020,0.121,roll-2,0.0532,0.2774,False
all6dof,nuscenes,tz,0.02,4,scene-0103_020,0.12,pitch+3,0.0584,0.2774,False
all6dof,nuscenes,tz,0.05,4,scene-0103_020,0.1187,pitch+3,0.0799,0.2774,False
all6dof,nuscenes,tz,0.1,4,scene-0103_020,0.1224,roll-2,0.0519,0.2774,False
all6dof,nuscenes,yaw,0.0,5,scene-0103_025,0.1221,pitch+3,0.1077,0.2774,False
all6dof,nuscenes,yaw,0.5,5,scene-0103_025,0.1102,roll-2,0.1921,0.2774,False
all6dof,nuscenes,yaw,1.0,5,scene-0103_025,0.1023,roll-1,0.2249,0.2774,False
all6dof,nuscenes,yaw,2.0,5,scene-0103_025,0.0894,yaw-2,0.3658,0.2774,True
all6dof,nuscenes,yaw,3.0,5,scene-0103_025,0.0931,yaw-3,0.3116,0.2774,True
all6dof,nuscenes,pitch,0.0,5,scene-0103_025,0.1221,pitch+3,0.1077,0.2774,False
all6dof,nuscenes,pitch,0.5,5,scene-0103_025,0.1287,tx-0.05,0.0532,0.2774,False
all6dof,nuscenes,pitch,1.0,5,scene-0103_025,0.1302,roll-1,0.0464,0.2774,False
all6dof,nuscenes,pitch,2.0,5,scene-0103_025,0.1278,roll-1,0.0875,0.2774,False
all6dof,nuscenes,pitch,3.0,5,scene-0103_025,0.1353,roll-1,0.0909,0.2774,False
all6dof,nuscenes,roll,0.0,5,scene-0103_025,0.1221,pitch+3,0.1077,0.2774,False
all6dof,nuscenes,roll,0.5,5,scene-0103_025,0.1141,roll-1,0.1321,0.2774,False
all6dof,nuscenes,roll,1.0,5,scene-0103_025,0.0952,roll-3,0.3655,0.2774,True
all6dof,nuscenes,roll,2.0,5,scene-0103_025,0.0906,roll-2,0.3476,0.2774,True
all6dof,nuscenes,roll,3.0,5,scene-0103_025,0.0835,roll-3,0.4629,0.2774,True
all6dof,nuscenes,tx,0.0,5,scene-0103_025,0.1221,pitch+3,0.1077,0.2774,False
all6dof,nuscenes,tx,0.02,5,scene-0103_025,0.1255,pitch+3,0.0675,0.2774,False
all6dof,nuscenes,tx,0.05,5,scene-0103_025,0.128,roll-0.5,0.0379,0.2774,False
all6dof,nuscenes,tx,0.1,5,scene-0103_025,0.1254,roll-0.5,0.083,0.2774,False
all6dof,nuscenes,ty,0.0,5,scene-0103_025,0.1221,pitch+3,0.1077,0.2774,False
all6dof,nuscenes,ty,0.02,5,scene-0103_025,0.1225,pitch+3,0.0995,0.2774,False
all6dof,nuscenes,ty,0.05,5,scene-0103_025,0.1248,pitch+3,0.0925,0.2774,False
all6dof,nuscenes,ty,0.1,5,scene-0103_025,0.1233,pitch+3,0.1169,0.2774,False
all6dof,nuscenes,tz,0.0,5,scene-0103_025,0.1221,pitch+3,0.1077,0.2774,False
all6dof,nuscenes,tz,0.02,5,scene-0103_025,0.1227,roll-0.5,0.0759,0.2774,False
all6dof,nuscenes,tz,0.05,5,scene-0103_025,0.1202,pitch+1,0.1201,0.2774,False
all6dof,nuscenes,tz,0.1,5,scene-0103_025,0.1227,roll-0.5,0.0671,0.2774,False
all6dof,nuscenes,yaw,0.0,6,scene-0103_030,0.1469,pitch+2,0.0896,0.2774,False
all6dof,nuscenes,yaw,0.5,6,scene-0103_030,0.1266,roll-2,0.1782,0.2774,False
all6dof,nuscenes,yaw,1.0,6,scene-0103_030,0.1178,yaw-1,0.247,0.2774,False
all6dof,nuscenes,yaw,2.0,6,scene-0103_030,0.1253,yaw-2,0.1727,0.2774,False
all6dof,nuscenes,yaw,3.0,6,scene-0103_030,0.1124,roll-3,0.3287,0.2774,True
all6dof,nuscenes,pitch,0.0,6,scene-0103_030,0.1469,pitch+2,0.0896,0.2774,False
all6dof,nuscenes,pitch,0.5,6,scene-0103_030,0.1505,tz-0.1,0.0813,0.2774,False
all6dof,nuscenes,pitch,1.0,6,scene-0103_030,0.1538,pitch+3,0.0537,0.2774,False
all6dof,nuscenes,pitch,2.0,6,scene-0103_030,0.16,pitch+2,0.0125,0.2774,False
all6dof,nuscenes,pitch,3.0,6,scene-0103_030,0.1513,tz-0.1,0.1072,0.2774,False
all6dof,nuscenes,roll,0.0,6,scene-0103_030,0.1469,pitch+2,0.0896,0.2774,False
all6dof,nuscenes,roll,0.5,6,scene-0103_030,0.1269,pitch+3,0.2019,0.2774,False
all6dof,nuscenes,roll,1.0,6,scene-0103_030,0.1158,roll-1,0.2684,0.2774,False
all6dof,nuscenes,roll,2.0,6,scene-0103_030,0.1076,roll-2,0.3653,0.2774,True
all6dof,nuscenes,roll,3.0,6,scene-0103_030,0.1223,roll-3,0.2007,0.2774,False
all6dof,nuscenes,tx,0.0,6,scene-0103_030,0.1469,pitch+2,0.0896,0.2774,False
all6dof,nuscenes,tx,0.02,6,scene-0103_030,0.1457,pitch+2,0.0811,0.2774,False
all6dof,nuscenes,tx,0.05,6,scene-0103_030,0.1437,pitch+2,0.0741,0.2774,False
all6dof,nuscenes,tx,0.1,6,scene-0103_030,0.1409,pitch+2,0.0876,0.2774,False
all6dof,nuscenes,ty,0.0,6,scene-0103_030,0.1469,pitch+2,0.0896,0.2774,False
all6dof,nuscenes,ty,0.02,6,scene-0103_030,0.1471,pitch+2,0.0831,0.2774,False
all6dof,nuscenes,ty,0.05,6,scene-0103_030,0.1463,pitch+2,0.0781,0.2774,False
all6dof,nuscenes,ty,0.1,6,scene-0103_030,0.1471,pitch+2,0.0596,0.2774,False
all6dof,nuscenes,tz,0.0,6,scene-0103_030,0.1469,pitch+2,0.0896,0.2774,False
all6dof,nuscenes,tz,0.02,6,scene-0103_030,0.1441,pitch+2,0.1264,0.2774,False
all6dof,nuscenes,tz,0.05,6,scene-0103_030,0.1376,pitch+2,0.1603,0.2774,False
all6dof,nuscenes,tz,0.1,6,scene-0103_030,0.1368,pitch+2,0.1692,0.2774,False
all6dof,nuscenes,yaw,0.0,7,scene-0103_035,0.1586,roll-0.5,0.1274,0.2774,False
all6dof,nuscenes,yaw,0.5,7,scene-0103_035,0.1498,roll-0.5,0.1328,0.2774,False
all6dof,nuscenes,yaw,1.0,7,scene-0103_035,0.1394,pitch+3,0.2061,0.2774,False
all6dof,nuscenes,yaw,2.0,7,scene-0103_035,0.1472,yaw+3,0.129,0.2774,False
all6dof,nuscenes,yaw,3.0,7,scene-0103_035,0.1512,pitch+2,0.1387,0.2774,False
all6dof,nuscenes,pitch,0.0,7,scene-0103_035,0.1586,roll-0.5,0.1274,0.2774,False
all6dof,nuscenes,pitch,0.5,7,scene-0103_035,0.1721,roll-0.5,0.0205,0.2774,False
all6dof,nuscenes,pitch,1.0,7,scene-0103_035,0.1702,tz-0.1,0.0568,0.2774,False
all6dof,nuscenes,pitch,2.0,7,scene-0103_035,0.1681,tx-0.1,0.0478,0.2774,False
all6dof,nuscenes,pitch,3.0,7,scene-0103_035,0.1545,roll-1,0.1304,0.2774,False
all6dof,nuscenes,roll,0.0,7,scene-0103_035,0.1586,roll-0.5,0.1274,0.2774,False
all6dof,nuscenes,roll,0.5,7,scene-0103_035,0.1447,roll-1,0.2363,0.2774,False
all6dof,nuscenes,roll,1.0,7,scene-0103_035,0.1337,roll-3,0.195,0.2774,False
all6dof,nuscenes,roll,2.0,7,scene-0103_035,0.0997,roll-2,0.5917,0.2774,True
all6dof,nuscenes,roll,3.0,7,scene-0103_035,0.1069,roll-3,0.4836,0.2774,True
all6dof,nuscenes,tx,0.0,7,scene-0103_035,0.1586,roll-0.5,0.1274,0.2774,False
all6dof,nuscenes,tx,0.02,7,scene-0103_035,0.1584,roll-0.5,0.104,0.2774,False
all6dof,nuscenes,tx,0.05,7,scene-0103_035,0.1595,roll-0.5,0.1065,0.2774,False
all6dof,nuscenes,tx,0.1,7,scene-0103_035,0.1577,tz-0.1,0.074,0.2774,False
all6dof,nuscenes,ty,0.0,7,scene-0103_035,0.1586,roll-0.5,0.1274,0.2774,False
all6dof,nuscenes,ty,0.02,7,scene-0103_035,0.1603,roll-0.5,0.1113,0.2774,False
all6dof,nuscenes,ty,0.05,7,scene-0103_035,0.1588,roll-0.5,0.1191,0.2774,False
all6dof,nuscenes,ty,0.1,7,scene-0103_035,0.1622,roll-0.5,0.0856,0.2774,False
all6dof,nuscenes,tz,0.0,7,scene-0103_035,0.1586,roll-0.5,0.1274,0.2774,False
all6dof,nuscenes,tz,0.02,7,scene-0103_035,0.1599,roll-0.5,0.1152,0.2774,False
all6dof,nuscenes,tz,0.05,7,scene-0103_035,0.1589,roll-0.5,0.114,0.2774,False
all6dof,nuscenes,tz,0.1,7,scene-0103_035,0.1606,roll-0.5,0.0772,0.2774,False
all6dof,nuscenes,yaw,0.0,8,scene-1094_000,0.2481,roll+0.5,0.1151,0.2774,False
all6dof,nuscenes,yaw,0.5,8,scene-1094_000,0.2227,yaw-0.5,0.1141,0.2774,False
all6dof,nuscenes,yaw,1.0,8,scene-1094_000,0.2352,roll+0.5,0.0622,0.2774,False
all6dof,nuscenes,yaw,2.0,8,scene-1094_000,0.2289,yaw-2,0.084,0.2774,False
all6dof,nuscenes,yaw,3.0,8,scene-1094_000,0.241,yaw+3,0.0539,0.2774,False
all6dof,nuscenes,pitch,0.0,8,scene-1094_000,0.2481,roll+0.5,0.1151,0.2774,False
all6dof,nuscenes,pitch,0.5,8,scene-1094_000,0.2633,ty-0.1,0.0167,0.2774,False
all6dof,nuscenes,pitch,1.0,8,scene-1094_000,0.2421,pitch-0.5,0.0877,0.2774,False
all6dof,nuscenes,pitch,2.0,8,scene-1094_000,0.2278,pitch-2,0.0891,0.2774,False
all6dof,nuscenes,pitch,3.0,8,scene-1094_000,0.2172,pitch-3,0.142,0.2774,False
all6dof,nuscenes,roll,0.0,8,scene-1094_000,0.2481,roll+0.5,0.1151,0.2774,False
all6dof,nuscenes,roll,0.5,8,scene-1094_000,0.2766,ty+0.05,0.0346,0.2774,False
all6dof,nuscenes,roll,1.0,8,scene-1094_000,0.2377,roll-0.5,0.1641,0.2774,False
all6dof,nuscenes,roll,2.0,8,scene-1094_000,0.2123,roll-2,0.1687,0.2774,False
all6dof,nuscenes,roll,3.0,8,scene-1094_000,0.1982,roll-3,0.252,0.2774,False
all6dof,nuscenes,tx,0.0,8,scene-1094_000,0.2481,roll+0.5,0.1151,0.2774,False
all6dof,nuscenes,tx,0.02,8,scene-1094_000,0.2495,roll+0.5,0.0967,0.2774,False
all6dof,nuscenes,tx,0.05,8,scene-1094_000,0.2368,roll+0.5,0.1315,0.2774,False
all6dof,nuscenes,tx,0.1,8,scene-1094_000,0.2202,roll+0.5,0.1593,0.2774,False
all6dof,nuscenes,ty,0.0,8,scene-1094_000,0.2481,roll+0.5,0.1151,0.2774,False
all6dof,nuscenes,ty,0.02,8,scene-1094_000,0.2459,roll+0.5,0.1515,0.2774,False
all6dof,nuscenes,ty,0.05,8,scene-1094_000,0.2449,roll+0.5,0.1685,0.2774,False
all6dof,nuscenes,ty,0.1,8,scene-1094_000,0.237,roll+0.5,0.1874,0.2774,False
all6dof,nuscenes,tz,0.0,8,scene-1094_000,0.2481,roll+0.5,0.1151,0.2774,False
all6dof,nuscenes,tz,0.02,8,scene-1094_000,0.2586,pitch+0.5,0.0372,0.2774,False
all6dof,nuscenes,tz,0.05,8,scene-1094_000,0.2622,pitch-0.5,0.0262,0.2774,False
all6dof,nuscenes,tz,0.1,8,scene-1094_000,0.2614,roll-0.5,0.034,0.2774,False
all6dof,nuscenes,yaw,0.0,9,scene-1094_005,0.3283,tz+0.1,0.0908,0.2774,False
all6dof,nuscenes,yaw,0.5,9,scene-1094_005,0.2963,yaw-0.5,0.108,0.2774,False
all6dof,nuscenes,yaw,1.0,9,scene-1094_005,0.2873,yaw-1,0.1427,0.2774,False
all6dof,nuscenes,yaw,2.0,9,scene-1094_005,0.2974,yaw-2,0.1041,0.2774,False
all6dof,nuscenes,yaw,3.0,9,scene-1094_005,0.3104,yaw-3,0.0578,0.2774,False
all6dof,nuscenes,pitch,0.0,9,scene-1094_005,0.3283,tz+0.1,0.0908,0.2774,False
all6dof,nuscenes,pitch,0.5,9,scene-1094_005,0.3243,roll+0.5,0.1107,0.2774,False
all6dof,nuscenes,pitch,1.0,9,scene-1094_005,0.3329,tx+0.05,0.0517,0.2774,False
all6dof,nuscenes,pitch,2.0,9,scene-1094_005,0.3211,tz+0.05,0.0439,0.2774,False
all6dof,nuscenes,pitch,3.0,9,scene-1094_005,0.2967,pitch-2,0.1217,0.2774,False
all6dof,nuscenes,roll,0.0,9,scene-1094_005,0.3283,tz+0.1,0.0908,0.2774,False
all6dof,nuscenes,roll,0.5,9,scene-1094_005,0.3568,pitch+0.5,0.009,0.2774,False
all6dof,nuscenes,roll,1.0,9,scene-1094_005,0.3304,roll-0.5,0.0799,0.2774,False
all6dof,nuscenes,roll,2.0,9,scene-1094_005,0.2915,roll-1,0.1333,0.2774,False
all6dof,nuscenes,roll,3.0,9,scene-1094_005,0.2661,roll-2,0.2416,0.2774,False
all6dof,nuscenes,tx,0.0,9,scene-1094_005,0.3283,tz+0.1,0.0908,0.2774,False
all6dof,nuscenes,tx,0.02,9,scene-1094_005,0.3295,tz+0.1,0.0868,0.2774,False
all6dof,nuscenes,tx,0.05,9,scene-1094_005,0.3379,tz+0.1,0.0489,0.2774,False
all6dof,nuscenes,tx,0.1,9,scene-1094_005,0.3419,tz+0.1,0.036,0.2774,False
all6dof,nuscenes,ty,0.0,9,scene-1094_005,0.3283,tz+0.1,0.0908,0.2774,False
all6dof,nuscenes,ty,0.02,9,scene-1094_005,0.3285,tz+0.1,0.092,0.2774,False
all6dof,nuscenes,ty,0.05,9,scene-1094_005,0.3257,tz+0.1,0.0887,0.2774,False
all6dof,nuscenes,ty,0.1,9,scene-1094_005,0.321,roll+0.5,0.0893,0.2774,False
all6dof,nuscenes,tz,0.0,9,scene-1094_005,0.3283,tz+0.1,0.0908,0.2774,False
all6dof,nuscenes,tz,0.02,9,scene-1094_005,0.3342,tz+0.1,0.0779,0.2774,False
all6dof,nuscenes,tz,0.05,9,scene-1094_005,0.3452,tz+0.1,0.0523,0.2774,False
all6dof,nuscenes,tz,0.1,9,scene-1094_005,0.3581,pitch-0.5,0.0144,0.2774,False
all6dof,nuscenes,yaw,0.0,10,scene-1094_010,0.2354,roll+1,0.0256,0.2774,False
all6dof,nuscenes,yaw,0.5,10,scene-1094_010,0.223,yaw+3,0.0767,0.2774,False
all6dof,nuscenes,yaw,1.0,10,scene-1094_010,0.2185,yaw-1,0.0776,0.2774,False
all6dof,nuscenes,yaw,2.0,10,scene-1094_010,0.2247,pitch-3,0.051,0.2774,False
all6dof,nuscenes,yaw,3.0,10,scene-1094_010,0.2246,yaw+0.5,0.069,0.2774,False
all6dof,nuscenes,pitch,0.0,10,scene-1094_010,0.2354,roll+1,0.0256,0.2774,False
all6dof,nuscenes,pitch,0.5,10,scene-1094_010,0.23,roll+0.5,0.052,0.2774,False
all6dof,nuscenes,pitch,1.0,10,scene-1094_010,0.2267,roll+0.5,0.0693,0.2774,False
all6dof,nuscenes,pitch,2.0,10,scene-1094_010,0.22,roll+0.5,0.0735,0.2774,False
all6dof,nuscenes,pitch,3.0,10,scene-1094_010,0.2281,tz+0.1,0.033,0.2774,False
all6dof,nuscenes,roll,0.0,10,scene-1094_010,0.2354,roll+1,0.0256,0.2774,False
all6dof,nuscenes,roll,0.5,10,scene-1094_010,0.2387,tz-0.05,0.0239,0.2774,False
all6dof,nuscenes,roll,1.0,10,scene-1094_010,0.2415,pitch-2,0.0209,0.2774,False
all6dof,nuscenes,roll,2.0,10,scene-1094_010,0.2257,roll-1,0.0699,0.2774,False
all6dof,nuscenes,roll,3.0,10,scene-1094_010,0.1862,roll-2,0.297,0.2774,True
all6dof,nuscenes,tx,0.0,10,scene-1094_010,0.2354,roll+1,0.0256,0.2774,False
all6dof,nuscenes,tx,0.02,10,scene-1094_010,0.2371,roll+1,0.0213,0.2774,False
all6dof,nuscenes,tx,0.05,10,scene-1094_010,0.2342,roll+1,0.0168,0.2774,False
all6dof,nuscenes,tx,0.1,10,scene-1094_010,0.2327,tx-0.1,0.0118,0.2774,False
all6dof,nuscenes,ty,0.0,10,scene-1094_010,0.2354,roll+1,0.0256,0.2774,False
all6dof,nuscenes,ty,0.02,10,scene-1094_010,0.2354,roll+1,0.0166,0.2774,False
all6dof,nuscenes,ty,0.05,10,scene-1094_010,0.2351,roll+1,0.0184,0.2774,False
all6dof,nuscenes,ty,0.1,10,scene-1094_010,0.2313,roll+1,0.0334,0.2774,False
all6dof,nuscenes,tz,0.0,10,scene-1094_010,0.2354,roll+1,0.0256,0.2774,False
all6dof,nuscenes,tz,0.02,10,scene-1094_010,0.2332,tz-0.05,0.0254,0.2774,False
all6dof,nuscenes,tz,0.05,10,scene-1094_010,0.2234,tz-0.1,0.0665,0.2774,False
all6dof,nuscenes,tz,0.1,10,scene-1094_010,0.2254,roll-0.5,0.0772,0.2774,False
all6dof,nuscenes,yaw,0.0,11,scene-1094_015,0.1858,pitch-0.5,0.0886,0.2774,False
all6dof,nuscenes,yaw,0.5,11,scene-1094_015,0.1918,tx+0.05,0.0198,0.2774,False
all6dof,nuscenes,yaw,1.0,11,scene-1094_015,0.1686,yaw-0.5,0.1375,0.2774,False
all6dof,nuscenes,yaw,2.0,11,scene-1094_015,0.1735,pitch-0.5,0.0804,0.2774,False
all6dof,nuscenes,yaw,3.0,11,scene-1094_015,0.1718,pitch-1,0.085,0.2774,False
all6dof,nuscenes,pitch,0.0,11,scene-1094_015,0.1858,pitch-0.5,0.0886,0.2774,False
all6dof,nuscenes,pitch,0.5,11,scene-1094_015,0.1911,pitch-1,0.0588,0.2774,False
all6dof,nuscenes,pitch,1.0,11,scene-1094_015,0.1882,pitch-2,0.0283,0.2774,False
all6dof,nuscenes,pitch,2.0,11,scene-1094_015,0.1892,pitch-3,0.0229,0.2774,False
all6dof,nuscenes,pitch,3.0,11,scene-1094_015,0.1813,pitch-1,0.0438,0.2774,False
all6dof,nuscenes,roll,0.0,11,scene-1094_015,0.1858,pitch-0.5,0.0886,0.2774,False
all6dof,nuscenes,roll,0.5,11,scene-1094_015,0.1869,tx+0.1,0.0369,0.2774,False
all6dof,nuscenes,roll,1.0,11,scene-1094_015,0.1672,pitch-2,0.1328,0.2774,False
all6dof,nuscenes,roll,2.0,11,scene-1094_015,0.1603,roll-2,0.1595,0.2774,False
all6dof,nuscenes,roll,3.0,11,scene-1094_015,0.14,roll-3,0.3271,0.2774,True
all6dof,nuscenes,tx,0.0,11,scene-1094_015,0.1858,pitch-0.5,0.0886,0.2774,False
all6dof,nuscenes,tx,0.02,11,scene-1094_015,0.1834,pitch-0.5,0.0785,0.2774,False
all6dof,nuscenes,tx,0.05,11,scene-1094_015,0.1875,tx-0.1,0.0505,0.2774,False
all6dof,nuscenes,tx,0.1,11,scene-1094_015,0.1952,pitch-0.5,0.0542,0.2774,False
all6dof,nuscenes,ty,0.0,11,scene-1094_015,0.1858,pitch-0.5,0.0886,0.2774,False
all6dof,nuscenes,ty,0.02,11,scene-1094_015,0.1862,pitch-0.5,0.0942,0.2774,False
all6dof,nuscenes,ty,0.05,11,scene-1094_015,0.187,pitch-0.5,0.0789,0.2774,False
all6dof,nuscenes,ty,0.1,11,scene-1094_015,0.1897,pitch-0.5,0.0711,0.2774,False
all6dof,nuscenes,tz,0.0,11,scene-1094_015,0.1858,pitch-0.5,0.0886,0.2774,False
all6dof,nuscenes,tz,0.02,11,scene-1094_015,0.1928,pitch-0.5,0.0447,0.2774,False
all6dof,nuscenes,tz,0.05,11,scene-1094_015,0.1946,tx-0.1,0.0474,0.2774,False
all6dof,nuscenes,tz,0.1,11,scene-1094_015,0.1938,tx-0.1,0.0514,0.2774,False
all6dof,nuscenes,yaw,0.0,12,scene-1094_020,0.1727,tx+0.1,0.0317,0.2774,False
all6dof,nuscenes,yaw,0.5,12,scene-1094_020,0.1567,yaw-0.5,0.1016,0.2774,False
all6dof,nuscenes,yaw,1.0,12,scene-1094_020,0.1523,yaw-1,0.134,0.2774,False
all6dof,nuscenes,yaw,2.0,12,scene-1094_020,0.1526,yaw-2,0.1313,0.2774,False
all6dof,nuscenes,yaw,3.0,12,scene-1094_020,0.1307,yaw-3,0.3207,0.2774,True
all6dof,nuscenes,pitch,0.0,12,scene-1094_020,0.1727,tx+0.1,0.0317,0.2774,False
all6dof,nuscenes,pitch,0.5,12,scene-1094_020,0.1674,pitch+1,0.0733,0.2774,False
all6dof,nuscenes,pitch,1.0,12,scene-1094_020,0.174,tx+0.05,0.0376,0.2774,False
all6dof,nuscenes,pitch,2.0,12,scene-1094_020,0.1712,pitch-0.5,0.0493,0.2774,False
all6dof,nuscenes,pitch,3.0,12,scene-1094_020,0.1513,pitch-2,0.1494,0.2774,False
all6dof,nuscenes,roll,0.0,12,scene-1094_020,0.1727,tx+0.1,0.0317,0.2774,False
all6dof,nuscenes,roll,0.5,12,scene-1094_020,0.1637,roll-0.5,0.0548,0.2774,False
all6dof,nuscenes,roll,1.0,12,scene-1094_020,0.1458,roll-1,0.1841,0.2774,False
all6dof,nuscenes,roll,2.0,12,scene-1094_020,0.1458,roll-2,0.1838,0.2774,False
all6dof,nuscenes,roll,3.0,12,scene-1094_020,0.1153,roll-3,0.4973,0.2774,True
all6dof,nuscenes,tx,0.0,12,scene-1094_020,0.1727,tx+0.1,0.0317,0.2774,False
all6dof,nuscenes,tx,0.02,12,scene-1094_020,0.1748,tx+0.1,0.0295,0.2774,False
all6dof,nuscenes,tx,0.05,12,scene-1094_020,0.1707,pitch+1,0.0615,0.2774,False
all6dof,nuscenes,tx,0.1,12,scene-1094_020,0.1781,ty+0.05,0.0056,0.2774,False
all6dof,nuscenes,ty,0.0,12,scene-1094_020,0.1727,tx+0.1,0.0317,0.2774,False
all6dof,nuscenes,ty,0.02,12,scene-1094_020,0.1706,tx+0.1,0.0367,0.2774,False
all6dof,nuscenes,ty,0.05,12,scene-1094_020,0.171,tx+0.1,0.0478,0.2774,False
all6dof,nuscenes,ty,0.1,12,scene-1094_020,0.1664,tx+0.1,0.0645,0.2774,False
all6dof,nuscenes,tz,0.0,12,scene-1094_020,0.1727,tx+0.1,0.0317,0.2774,False
all6dof,nuscenes,tz,0.02,12,scene-1094_020,0.1707,tx+0.1,0.057,0.2774,False
all6dof,nuscenes,tz,0.05,12,scene-1094_020,0.1658,pitch+1,0.075,0.2774,False
all6dof,nuscenes,tz,0.1,12,scene-1094_020,0.164,pitch+0.5,0.0718,0.2774,False
all6dof,nuscenes,yaw,0.0,13,scene-1094_025,0.137,tz+0.1,0.051,0.2774,False
all6dof,nuscenes,yaw,0.5,13,scene-1094_025,0.1252,pitch+2,0.1169,0.2774,False
all6dof,nuscenes,yaw,1.0,13,scene-1094_025,0.1289,tz+0.1,0.0752,0.2774,False
all6dof,nuscenes,yaw,2.0,13,scene-1094_025,0.124,yaw-2,0.1046,0.2774,False
all6dof,nuscenes,yaw,3.0,13,scene-1094_025,0.1134,yaw-3,0.2079,0.2774,False
all6dof,nuscenes,pitch,0.0,13,scene-1094_025,0.137,tz+0.1,0.051,0.2774,False
all6dof,nuscenes,pitch,0.5,13,scene-1094_025,0.1379,tx+0.1,0.0574,0.2774,False
all6dof,nuscenes,pitch,1.0,13,scene-1094_025,0.1421,tx+0.05,0.0317,0.2774,False
all6dof,nuscenes,pitch,2.0,13,scene-1094_025,0.1342,roll-0.5,0.1157,0.2774,False
all6dof,nuscenes,pitch,3.0,13,scene-1094_025,0.1293,roll-3,0.1066,0.2774,False
all6dof,nuscenes,roll,0.0,13,scene-1094_025,0.137,tz+0.1,0.051,0.2774,False
all6dof,nuscenes,roll,0.5,13,scene-1094_025,0.1403,pitch-0.5,0.0305,0.2774,False
all6dof,nuscenes,roll,1.0,13,scene-1094_025,0.12,roll-0.5,0.1694,0.2774,False
all6dof,nuscenes,roll,2.0,13,scene-1094_025,0.1141,roll-2,0.2006,0.2774,False
all6dof,nuscenes,roll,3.0,13,scene-1094_025,0.1031,roll-3,0.3293,0.2774,True
all6dof,nuscenes,tx,0.0,13,scene-1094_025,0.137,tz+0.1,0.051,0.2774,False
all6dof,nuscenes,tx,0.02,13,scene-1094_025,0.1369,pitch+1,0.0483,0.2774,False
all6dof,nuscenes,tx,0.05,13,scene-1094_025,0.1333,pitch+1,0.0997,0.2774,False
all6dof,nuscenes,tx,0.1,13,scene-1094_025,0.1376,pitch+0.5,0.0614,0.2774,False
all6dof,nuscenes,ty,0.0,13,scene-1094_025,0.137,tz+0.1,0.051,0.2774,False
all6dof,nuscenes,ty,0.02,13,scene-1094_025,0.138,ty+0.1,0.0477,0.2774,False
all6dof,nuscenes,ty,0.05,13,scene-1094_025,0.1398,tz+0.1,0.0367,0.2774,False
all6dof,nuscenes,ty,0.1,13,scene-1094_025,0.1425,tz+0.1,0.0427,0.2774,False
all6dof,nuscenes,tz,0.0,13,scene-1094_025,0.137,tz+0.1,0.051,0.2774,False
all6dof,nuscenes,tz,0.02,13,scene-1094_025,0.1395,ty+0.1,0.0398,0.2774,False
all6dof,nuscenes,tz,0.05,13,scene-1094_025,0.1418,ty+0.1,0.0248,0.2774,False
all6dof,nuscenes,tz,0.1,13,scene-1094_025,0.144,ty+0.1,0.0321,0.2774,False
all6dof,nuscenes,yaw,0.0,14,scene-1094_030,0.1054,tx+0.1,0.0783,0.2774,False
all6dof,nuscenes,yaw,0.5,14,scene-1094_030,0.099,roll-3,0.1847,0.2774,False
all6dof,nuscenes,yaw,1.0,14,scene-1094_030,0.0983,roll-3,0.1851,0.2774,False
all6dof,nuscenes,yaw,2.0,14,scene-1094_030,0.094,roll-3,0.2015,0.2774,False
all6dof,nuscenes,yaw,3.0,14,scene-1094_030,0.0903,roll-1,0.204,0.2774,False
all6dof,nuscenes,pitch,0.0,14,scene-1094_030,0.1054,tx+0.1,0.0783,0.2774,False
all6dof,nuscenes,pitch,0.5,14,scene-1094_030,0.1066,roll-3,0.0815,0.2774,False
all6dof,nuscenes,pitch,1.0,14,scene-1094_030,0.1066,roll-3,0.0761,0.2774,False
all6dof,nuscenes,pitch,2.0,14,scene-1094_030,0.1076,roll-3,0.0902,0.2774,False
all6dof,nuscenes,pitch,3.0,14,scene-1094_030,0.1019,roll-3,0.1599,0.2774,False
all6dof,nuscenes,roll,0.0,14,scene-1094_030,0.1054,tx+0.1,0.0783,0.2774,False
all6dof,nuscenes,roll,0.5,14,scene-1094_030,0.1103,ty+0.1,0.0143,0.2774,False
all6dof,nuscenes,roll,1.0,14,scene-1094_030,0.0911,roll-0.5,0.2111,0.2774,False
all6dof,nuscenes,roll,2.0,14,scene-1094_030,0.0881,roll-2,0.1965,0.2774,False
all6dof,nuscenes,roll,3.0,14,scene-1094_030,0.0675,roll-3,0.5619,0.2774,True
all6dof,nuscenes,tx,0.0,14,scene-1094_030,0.1054,tx+0.1,0.0783,0.2774,False
all6dof,nuscenes,tx,0.02,14,scene-1094_030,0.1071,tx+0.1,0.0695,0.2774,False
all6dof,nuscenes,tx,0.05,14,scene-1094_030,0.1072,yaw-3,0.0631,0.2774,False
all6dof,nuscenes,tx,0.1,14,scene-1094_030,0.1137,ty+0.05,0.0216,0.2774,False
all6dof,nuscenes,ty,0.0,14,scene-1094_030,0.1054,tx+0.1,0.0783,0.2774,False
all6dof,nuscenes,ty,0.02,14,scene-1094_030,0.1051,tx+0.1,0.0887,0.2774,False
all6dof,nuscenes,ty,0.05,14,scene-1094_030,0.1051,tx+0.1,0.1044,0.2774,False
all6dof,nuscenes,ty,0.1,14,scene-1094_030,0.1063,tx+0.1,0.0694,0.2774,False
all6dof,nuscenes,tz,0.0,14,scene-1094_030,0.1054,tx+0.1,0.0783,0.2774,False
all6dof,nuscenes,tz,0.02,14,scene-1094_030,0.1061,tx+0.1,0.0694,0.2774,False
all6dof,nuscenes,tz,0.05,14,scene-1094_030,0.1065,tx+0.1,0.0578,0.2774,False
all6dof,nuscenes,tz,0.1,14,scene-1094_030,0.1112,roll-3,0.0249,0.2774,False
all6dof,nuscenes,yaw,0.0,15,scene-1094_035,0.1041,tz+0.1,0.0936,0.2774,False
all6dof,nuscenes,yaw,0.5,15,scene-1094_035,0.0953,yaw-2,0.1046,0.2774,False
all6dof,nuscenes,yaw,1.0,15,scene-1094_035,0.0966,roll+0.5,0.1006,0.2774,False
all6dof,nuscenes,yaw,2.0,15,scene-1094_035,0.0994,pitch+2,0.1254,0.2774,False
all6dof,nuscenes,yaw,3.0,15,scene-1094_035,0.1056,pitch-2,0.115,0.2774,False
all6dof,nuscenes,pitch,0.0,15,scene-1094_035,0.1041,tz+0.1,0.0936,0.2774,False
all6dof,nuscenes,pitch,0.5,15,scene-1094_035,0.1115,tx+0.05,0.038,0.2774,False
all6dof,nuscenes,pitch,1.0,15,scene-1094_035,0.1127,tx+0.05,0.0724,0.2774,False
all6dof,nuscenes,pitch,2.0,15,scene-1094_035,0.1107,pitch-0.5,0.0267,0.2774,False
all6dof,nuscenes,pitch,3.0,15,scene-1094_035,0.1053,pitch-2,0.0696,0.2774,False
all6dof,nuscenes,roll,0.0,15,scene-1094_035,0.1041,tz+0.1,0.0936,0.2774,False
all6dof,nuscenes,roll,0.5,15,scene-1094_035,0.1073,yaw+3,0.0659,0.2774,False
all6dof,nuscenes,roll,1.0,15,scene-1094_035,0.1044,yaw+2,0.0687,0.2774,False
all6dof,nuscenes,roll,2.0,15,scene-1094_035,0.0968,roll-1,0.0781,0.2774,False
all6dof,nuscenes,roll,3.0,15,scene-1094_035,0.079,roll-2,0.3217,0.2774,True
all6dof,nuscenes,tx,0.0,15,scene-1094_035,0.1041,tz+0.1,0.0936,0.2774,False
all6dof,nuscenes,tx,0.02,15,scene-1094_035,0.1067,pitch+1,0.0888,0.2774,False
all6dof,nuscenes,tx,0.05,15,scene-1094_035,0.1099,pitch+1,0.0918,0.2774,False
all6dof,nuscenes,tx,0.1,15,scene-1094_035,0.1068,pitch+1,0.1223,0.2774,False
all6dof,nuscenes,ty,0.0,15,scene-1094_035,0.1041,tz+0.1,0.0936,0.2774,False
all6dof,nuscenes,ty,0.02,15,scene-1094_035,0.1039,pitch+1,0.091,0.2774,False
all6dof,nuscenes,ty,0.05,15,scene-1094_035,0.1051,pitch+1,0.0925,0.2774,False
all6dof,nuscenes,ty,0.1,15,scene-1094_035,0.1054,pitch+1,0.0968,0.2774,False
all6dof,nuscenes,tz,0.0,15,scene-1094_035,0.1041,tz+0.1,0.0936,0.2774,False
all6dof,nuscenes,tz,0.02,15,scene-1094_035,0.1079,pitch+1,0.0511,0.2774,False
all6dof,nuscenes,tz,0.05,15,scene-1094_035,0.1074,pitch+1,0.0918,0.2774,False
all6dof,nuscenes,tz,0.1,15,scene-1094_035,0.1138,pitch+1,0.0249,0.2774,False
yaw_only,kitti,yaw,0.0,0,000001,0.3242,yaw+0.5,-0.0509,-0.0459,False
yaw_only,kitti,yaw,0.5,0,000001,0.3077,yaw-0.5,0.0536,-0.0459,True
yaw_only,kitti,yaw,1.0,0,000001,0.2949,yaw-1,0.0992,-0.0459,True
yaw_only,kitti,yaw,2.0,0,000001,0.2837,yaw-2,0.1428,-0.0459,True
yaw_only,kitti,yaw,3.0,0,000001,0.2781,yaw-3,0.1655,-0.0459,True
yaw_only,kitti,pitch,0.0,0,000001,0.3242,yaw+0.5,-0.0509,-0.0459,False
yaw_only,kitti,pitch,0.5,0,000001,0.3131,yaw+0.5,-0.0204,-0.0459,True
yaw_only,kitti,pitch,1.0,0,000001,0.3197,yaw+0.5,-0.0171,-0.0459,True
yaw_only,kitti,pitch,2.0,0,000001,0.33,yaw-0.5,0.0001,-0.0459,True
yaw_only,kitti,pitch,3.0,0,000001,0.3201,yaw-3,0.0293,-0.0459,True
yaw_only,kitti,roll,0.0,0,000001,0.3242,yaw+0.5,-0.0509,-0.0459,False
yaw_only,kitti,roll,0.5,0,000001,0.3148,yaw+0.5,-0.044,-0.0459,True
yaw_only,kitti,roll,1.0,0,000001,0.3145,yaw+0.5,-0.0414,-0.0459,True
yaw_only,kitti,roll,2.0,0,000001,0.3213,yaw+0.5,-0.0417,-0.0459,True
yaw_only,kitti,roll,3.0,0,000001,0.3281,yaw-0.5,-0.0306,-0.0459,True
yaw_only,kitti,tx,0.0,0,000001,0.3242,yaw+0.5,-0.0509,-0.0459,False
yaw_only,kitti,tx,0.02,0,000001,0.3233,yaw+0.5,-0.0443,-0.0459,True
yaw_only,kitti,tx,0.05,0,000001,0.3229,yaw+0.5,-0.0405,-0.0459,True
yaw_only,kitti,tx,0.1,0,000001,0.3229,yaw+0.5,-0.0361,-0.0459,True
yaw_only,kitti,ty,0.0,0,000001,0.3242,yaw+0.5,-0.0509,-0.0459,False
yaw_only,kitti,ty,0.02,0,000001,0.325,yaw+0.5,-0.0577,-0.0459,False
yaw_only,kitti,ty,0.05,0,000001,0.3258,yaw+0.5,-0.0676,-0.0459,False
yaw_only,kitti,ty,0.1,0,000001,0.3199,yaw-0.5,-0.0539,-0.0459,False
yaw_only,kitti,tz,0.0,0,000001,0.3242,yaw+0.5,-0.0509,-0.0459,False
yaw_only,kitti,tz,0.02,0,000001,0.3214,yaw+0.5,-0.0439,-0.0459,True
yaw_only,kitti,tz,0.05,0,000001,0.3152,yaw+0.5,-0.025,-0.0459,True
yaw_only,kitti,tz,0.1,0,000001,0.3098,yaw+0.5,-0.0083,-0.0459,True
yaw_only,kitti,yaw,0.0,1,000010,0.4713,yaw+0.5,-0.1175,-0.0459,False
yaw_only,kitti,yaw,0.5,1,000010,0.4159,yaw-0.5,0.1331,-0.0459,True
yaw_only,kitti,yaw,1.0,1,000010,0.3923,yaw-1,0.2013,-0.0459,True
yaw_only,kitti,yaw,2.0,1,000010,0.3901,yaw-2,0.2083,-0.0459,True
yaw_only,kitti,yaw,3.0,1,000010,0.3891,yaw-3,0.2113,-0.0459,True
yaw_only,kitti,pitch,0.0,1,000010,0.4713,yaw+0.5,-0.1175,-0.0459,False
yaw_only,kitti,pitch,0.5,1,000010,0.4492,yaw+0.5,-0.0955,-0.0459,False
yaw_only,kitti,pitch,1.0,1,000010,0.4349,yaw+0.5,-0.0841,-0.0459,False
yaw_only,kitti,pitch,2.0,1,000010,0.4049,yaw+0.5,-0.0586,-0.0459,False
yaw_only,kitti,pitch,3.0,1,000010,0.3684,yaw+0.5,-0.051,-0.0459,False
yaw_only,kitti,roll,0.0,1,000010,0.4713,yaw+0.5,-0.1175,-0.0459,False
yaw_only,kitti,roll,0.5,1,000010,0.4696,yaw+0.5,-0.11,-0.0459,False
yaw_only,kitti,roll,1.0,1,000010,0.4591,yaw+0.5,-0.1044,-0.0459,False
yaw_only,kitti,roll,2.0,1,000010,0.4431,yaw-0.5,-0.1014,-0.0459,False
yaw_only,kitti,roll,3.0,1,000010,0.4284,yaw-0.5,-0.0885,-0.0459,False
yaw_only,kitti,tx,0.0,1,000010,0.4713,yaw+0.5,-0.1175,-0.0459,False
yaw_only,kitti,tx,0.02,1,000010,0.4663,yaw+0.5,-0.1071,-0.0459,False
yaw_only,kitti,tx,0.05,1,000010,0.46,yaw+0.5,-0.09,-0.0459,False
yaw_only,kitti,tx,0.1,1,000010,0.4538,yaw+0.5,-0.0846,-0.0459,False
yaw_only,kitti,ty,0.0,1,000010,0.4713,yaw+0.5,-0.1175,-0.0459,False
yaw_only,kitti,ty,0.02,1,000010,0.4731,yaw+0.5,-0.1406,-0.0459,False
yaw_only,kitti,ty,0.05,1,000010,0.4693,yaw-0.5,-0.117,-0.0459,False
yaw_only,kitti,ty,0.1,1,000010,0.4458,yaw-0.5,-0.0279,-0.0459,True
yaw_only,kitti,tz,0.0,1,000010,0.4713,yaw+0.5,-0.1175,-0.0459,False
yaw_only,kitti,tz,0.02,1,000010,0.4717,yaw+0.5,-0.1179,-0.0459,False
yaw_only,kitti,tz,0.05,1,000010,0.4688,yaw+0.5,-0.1148,-0.0459,False
yaw_only,kitti,tz,0.1,1,000010,0.4587,yaw+0.5,-0.1038,-0.0459,False
yaw_only,kitti,yaw,0.0,2,000019,0.4477,yaw+0.5,-0.0849,-0.0459,False
yaw_only,kitti,yaw,0.5,2,000019,0.4096,yaw-0.5,0.0928,-0.0459,True
yaw_only,kitti,yaw,1.0,2,000019,0.3775,yaw-1,0.1857,-0.0459,True
yaw_only,kitti,yaw,2.0,2,000019,0.3716,yaw-2,0.2047,-0.0459,True
yaw_only,kitti,yaw,3.0,2,000019,0.3566,yaw-3,0.2552,-0.0459,True
yaw_only,kitti,pitch,0.0,2,000019,0.4477,yaw+0.5,-0.0849,-0.0459,False
yaw_only,kitti,pitch,0.5,2,000019,0.4225,yaw+0.5,-0.0512,-0.0459,False
yaw_only,kitti,pitch,1.0,2,000019,0.4008,yaw-0.5,-0.0214,-0.0459,True
yaw_only,kitti,pitch,2.0,2,000019,0.3888,yaw-0.5,-0.0252,-0.0459,True
yaw_only,kitti,pitch,3.0,2,000019,0.3573,yaw-2,0.0128,-0.0459,True
yaw_only,kitti,roll,0.0,2,000019,0.4477,yaw+0.5,-0.0849,-0.0459,False
yaw_only,kitti,roll,0.5,2,000019,0.4446,yaw-0.5,-0.0908,-0.0459,False
yaw_only,kitti,roll,1.0,2,000019,0.4334,yaw-0.5,-0.0622,-0.0459,False
yaw_only,kitti,roll,2.0,2,000019,0.4177,yaw-0.5,-0.05,-0.0459,False
yaw_only,kitti,roll,3.0,2,000019,0.4109,yaw-0.5,-0.0252,-0.0459,True
yaw_only,kitti,tx,0.0,2,000019,0.4477,yaw+0.5,-0.0849,-0.0459,False
yaw_only,kitti,tx,0.02,2,000019,0.4513,yaw+0.5,-0.1028,-0.0459,False
yaw_only,kitti,tx,0.05,2,000019,0.4513,yaw+0.5,-0.1075,-0.0459,False
yaw_only,kitti,tx,0.1,2,000019,0.4451,yaw+0.5,-0.0952,-0.0459,False
yaw_only,kitti,ty,0.0,2,000019,0.4477,yaw+0.5,-0.0849,-0.0459,False
yaw_only,kitti,ty,0.02,2,000019,0.4485,yaw-0.5,-0.0985,-0.0459,False
yaw_only,kitti,ty,0.05,2,000019,0.4424,yaw-0.5,-0.074,-0.0459,False
yaw_only,kitti,ty,0.1,2,000019,0.4237,yaw-0.5,0.0006,-0.0459,True
yaw_only,kitti,tz,0.0,2,000019,0.4477,yaw+0.5,-0.0849,-0.0459,False
yaw_only,kitti,tz,0.02,2,000019,0.4464,yaw+0.5,-0.0942,-0.0459,False
yaw_only,kitti,tz,0.05,2,000019,0.4384,yaw-0.5,-0.0822,-0.0459,False
yaw_only,kitti,tz,0.1,2,000019,0.4229,yaw-0.5,-0.0627,-0.0459,False
yaw_only,kitti,yaw,0.0,3,000032,0.4862,yaw+0.5,-0.0844,-0.0459,False
yaw_only,kitti,yaw,0.5,3,000032,0.4452,yaw-0.5,0.0922,-0.0459,True
yaw_only,kitti,yaw,1.0,3,000032,0.435,yaw-1,0.1177,-0.0459,True
yaw_only,kitti,yaw,2.0,3,000032,0.4212,yaw-2,0.1543,-0.0459,True
yaw_only,kitti,yaw,3.0,3,000032,0.426,yaw-3,0.1413,-0.0459,True
yaw_only,kitti,pitch,0.0,3,000032,0.4862,yaw+0.5,-0.0844,-0.0459,False
yaw_only,kitti,pitch,0.5,3,000032,0.4787,yaw+0.5,-0.0486,-0.0459,False
yaw_only,kitti,pitch,1.0,3,000032,0.4706,yaw+0.5,-0.0563,-0.0459,False
yaw_only,kitti,pitch,2.0,3,000032,0.4306,yaw+0.5,-0.0222,-0.0459,True
yaw_only,kitti,pitch,3.0,3,000032,0.3896,yaw+0.5,0.0098,-0.0459,True
yaw_only,kitti,roll,0.0,3,000032,0.4862,yaw+0.5,-0.0844,-0.0459,False
yaw_only,kitti,roll,0.5,3,000032,0.4833,yaw+0.5,-0.0897,-0.0459,False
yaw_only,kitti,roll,1.0,3,000032,0.4781,yaw+0.5,-0.0824,-0.0459,False
yaw_only,kitti,roll,2.0,3,000032,0.4659,yaw+0.5,-0.073,-0.0459,False
yaw_only,kitti,roll,3.0,3,000032,0.4534,yaw+0.5,-0.0606,-0.0459,False
yaw_only,kitti,tx,0.0,3,000032,0.4862,yaw+0.5,-0.0844,-0.0459,False
yaw_only,kitti,tx,0.02,3,000032,0.491,yaw+0.5,-0.0977,-0.0459,False
yaw_only,kitti,tx,0.05,3,000032,0.497,yaw+0.5,-0.1172,-0.0459,False
yaw_only,kitti,tx,0.1,3,000032,0.4928,yaw+0.5,-0.1095,-0.0459,False
yaw_only,kitti,ty,0.0,3,000032,0.4862,yaw+0.5,-0.0844,-0.0459,False
yaw_only,kitti,ty,0.02,3,000032,0.4944,yaw+0.5,-0.1171,-0.0459,False
yaw_only,kitti,ty,0.05,3,000032,0.4924,yaw-0.5,-0.1147,-0.0459,False
yaw_only,kitti,ty,0.1,3,000032,0.4674,yaw-0.5,-0.0059,-0.0459,True
yaw_only,kitti,tz,0.0,3,000032,0.4862,yaw+0.5,-0.0844,-0.0459,False
yaw_only,kitti,tz,0.02,3,000032,0.4811,yaw+0.5,-0.0811,-0.0459,False
yaw_only,kitti,tz,0.05,3,000032,0.4734,yaw+0.5,-0.0757,-0.0459,False
yaw_only,kitti,tz,0.1,3,000032,0.4669,yaw+0.5,-0.0629,-0.0459,False
yaw_only,nuscenes,yaw,0.0,0,scene-0103_000,0.2177,yaw+3,-0.1115,0.0955,False
yaw_only,nuscenes,yaw,0.5,0,scene-0103_000,0.183,yaw-0.5,0.1895,0.0955,True
yaw_only,nuscenes,yaw,1.0,0,scene-0103_000,0.1786,yaw-1,0.2187,0.0955,True
yaw_only,nuscenes,yaw,2.0,0,scene-0103_000,0.1735,yaw-2,0.2546,0.0955,True
yaw_only,nuscenes,yaw,3.0,0,scene-0103_000,0.1934,yaw-3,0.1255,0.0955,True
yaw_only,nuscenes,pitch,0.0,0,scene-0103_000,0.2177,yaw+3,-0.1115,0.0955,False
yaw_only,nuscenes,pitch,0.5,0,scene-0103_000,0.2196,yaw+3,-0.119,0.0955,False
yaw_only,nuscenes,pitch,1.0,0,scene-0103_000,0.2184,yaw+3,-0.1467,0.0955,False
yaw_only,nuscenes,pitch,2.0,0,scene-0103_000,0.2037,yaw-1,-0.08,0.0955,False
yaw_only,nuscenes,pitch,3.0,0,scene-0103_000,0.1919,yaw+0.5,-0.0907,0.0955,False
yaw_only,nuscenes,roll,0.0,0,scene-0103_000,0.2177,yaw+3,-0.1115,0.0955,False
yaw_only,nuscenes,roll,0.5,0,scene-0103_000,0.2097,yaw+0.5,-0.1537,0.0955,False
yaw_only,nuscenes,roll,1.0,0,scene-0103_000,0.1843,yaw+3,-0.0863,0.0955,False
yaw_only,nuscenes,roll,2.0,0,scene-0103_000,0.1607,yaw+3,-0.0726,0.0955,False
yaw_only,nuscenes,roll,3.0,0,scene-0103_000,0.1581,yaw+3,-0.0472,0.0955,False
yaw_only,nuscenes,tx,0.0,0,scene-0103_000,0.2177,yaw+3,-0.1115,0.0955,False
yaw_only,nuscenes,tx,0.02,0,scene-0103_000,0.2194,yaw+3,-0.115,0.0955,False
yaw_only,nuscenes,tx,0.05,0,scene-0103_000,0.2159,yaw+3,-0.095,0.0955,False
yaw_only,nuscenes,tx,0.1,0,scene-0103_000,0.2033,yaw+3,-0.0083,0.0955,False
yaw_only,nuscenes,ty,0.0,0,scene-0103_000,0.2177,yaw+3,-0.1115,0.0955,False
yaw_only,nuscenes,ty,0.02,0,scene-0103_000,0.2191,yaw+3,-0.1179,0.0955,False
yaw_only,nuscenes,ty,0.05,0,scene-0103_000,0.2199,yaw+3,-0.1093,0.0955,False
yaw_only,nuscenes,ty,0.1,0,scene-0103_000,0.2159,yaw+3,-0.0869,0.0955,False
yaw_only,nuscenes,tz,0.0,0,scene-0103_000,0.2177,yaw+3,-0.1115,0.0955,False
yaw_only,nuscenes,tz,0.02,0,scene-0103_000,0.2196,yaw+3,-0.1263,0.0955,False
yaw_only,nuscenes,tz,0.05,0,scene-0103_000,0.2207,yaw-1,-0.1267,0.0955,False
yaw_only,nuscenes,tz,0.1,0,scene-0103_000,0.2282,yaw-1,-0.1661,0.0955,False
yaw_only,nuscenes,yaw,0.0,1,scene-0103_005,0.2019,yaw-1,-0.1492,0.0955,False
yaw_only,nuscenes,yaw,0.5,1,scene-0103_005,0.1635,yaw-0.5,0.2348,0.0955,True
yaw_only,nuscenes,yaw,1.0,1,scene-0103_005,0.1405,yaw-1,0.4367,0.0955,True
yaw_only,nuscenes,yaw,2.0,1,scene-0103_005,0.1461,yaw-2,0.382,0.0955,True
yaw_only,nuscenes,yaw,3.0,1,scene-0103_005,0.1426,yaw-3,0.4154,0.0955,True
yaw_only,nuscenes,pitch,0.0,1,scene-0103_005,0.2019,yaw-1,-0.1492,0.0955,False
yaw_only,nuscenes,pitch,0.5,1,scene-0103_005,0.1926,yaw-1,-0.1144,0.0955,False
yaw_only,nuscenes,pitch,1.0,1,scene-0103_005,0.1828,yaw-1,-0.0645,0.0955,False
yaw_only,nuscenes,pitch,2.0,1,scene-0103_005,0.1773,yaw+0.5,0.0394,0.0955,False
yaw_only,nuscenes,pitch,3.0,1,scene-0103_005,0.1714,yaw+0.5,0.1405,0.0955,True
yaw_only,nuscenes,roll,0.0,1,scene-0103_005,0.2019,yaw-1,-0.1492,0.0955,False
yaw_only,nuscenes,roll,0.5,1,scene-0103_005,0.1893,yaw+0.5,-0.1301,0.0955,False
yaw_only,nuscenes,roll,1.0,1,scene-0103_005,0.1651,yaw+0.5,-0.0737,0.0955,False
yaw_only,nuscenes,roll,2.0,1,scene-0103_005,0.1628,yaw+0.5,-0.109,0.0955,False
yaw_only,nuscenes,roll,3.0,1,scene-0103_005,0.1505,yaw+0.5,-0.0553,0.0955,False
yaw_only,nuscenes,tx,0.0,1,scene-0103_005,0.2019,yaw-1,-0.1492,0.0955,False
yaw_only,nuscenes,tx,0.02,1,scene-0103_005,0.198,yaw-1,-0.118,0.0955,False
yaw_only,nuscenes,tx,0.05,1,scene-0103_005,0.1886,yaw-1,-0.0639,0.0955,False
yaw_only,nuscenes,tx,0.1,1,scene-0103_005,0.1793,yaw+0.5,-0.0125,0.0955,False
yaw_only,nuscenes,ty,0.0,1,scene-0103_005,0.2019,yaw-1,-0.1492,0.0955,False
yaw_only,nuscenes,ty,0.02,1,scene-0103_005,0.203,yaw-1,-0.164,0.0955,False
yaw_only,nuscenes,ty,0.05,1,scene-0103_005,0.1993,yaw-1,-0.1519,0.0955,False
yaw_only,nuscenes,ty,0.1,1,scene-0103_005,0.1894,yaw-1,-0.1117,0.0955,False
yaw_only,nuscenes,tz,0.0,1,scene-0103_005,0.2019,yaw-1,-0.1492,0.0955,False
yaw_only,nuscenes,tz,0.02,1,scene-0103_005,0.2004,yaw-1,-0.1444,0.0955,False
yaw_only,nuscenes,tz,0.05,1,scene-0103_005,0.1921,yaw-1,-0.1032,0.0955,False
yaw_only,nuscenes,tz,0.1,1,scene-0103_005,0.1932,yaw-1,-0.1183,0.0955,False
yaw_only,nuscenes,yaw,0.0,2,scene-0103_010,0.1527,yaw-3,-0.0375,0.0955,False
yaw_only,nuscenes,yaw,0.5,2,scene-0103_010,0.1397,yaw-0.5,0.0924,0.0955,False
yaw_only,nuscenes,yaw,1.0,2,scene-0103_010,0.114,yaw-1,0.3395,0.0955,True
yaw_only,nuscenes,yaw,2.0,2,scene-0103_010,0.1145,yaw-2,0.3336,0.0955,True
yaw_only,nuscenes,yaw,3.0,2,scene-0103_010,0.1054,yaw-3,0.4481,0.0955,True
yaw_only,nuscenes,pitch,0.0,2,scene-0103_010,0.1527,yaw-3,-0.0375,0.0955,False
yaw_only,nuscenes,pitch,0.5,2,scene-0103_010,0.1517,yaw-3,-0.0163,0.0955,False
yaw_only,nuscenes,pitch,1.0,2,scene-0103_010,0.1498,yaw-3,0.037,0.0955,False
yaw_only,nuscenes,pitch,2.0,2,scene-0103_010,0.1507,yaw-3,-0.0152,0.0955,False
yaw_only,nuscenes,pitch,3.0,2,scene-0103_010,0.1479,yaw-3,0.0246,0.0955,False
yaw_only,nuscenes,roll,0.0,2,scene-0103_010,0.1527,yaw-3,-0.0375,0.0955,False
yaw_only,nuscenes,roll,0.5,2,scene-0103_010,0.1564,yaw-3,-0.0985,0.0955,False
yaw_only,nuscenes,roll,1.0,2,scene-0103_010,0.1399,yaw-3,-0.0291,0.0955,False
yaw_only,nuscenes,roll,2.0,2,scene-0103_010,0.1117,yaw-3,0.0682,0.0955,False
yaw_only,nuscenes,roll,3.0,2,scene-0103_010,0.0978,yaw-3,0.235,0.0955,True
yaw_only,nuscenes,tx,0.0,2,scene-0103_010,0.1527,yaw-3,-0.0375,0.0955,False
yaw_only,nuscenes,tx,0.02,2,scene-0103_010,0.1505,yaw-3,-0.0051,0.0955,False
yaw_only,nuscenes,tx,0.05,2,scene-0103_010,0.1441,yaw-3,0.0274,0.0955,False
yaw_only,nuscenes,tx,0.1,2,scene-0103_010,0.1392,yaw+0.5,0.067,0.0955,False
yaw_only,nuscenes,ty,0.0,2,scene-0103_010,0.1527,yaw-3,-0.0375,0.0955,False
yaw_only,nuscenes,ty,0.02,2,scene-0103_010,0.1527,yaw-3,-0.0475,0.0955,False
yaw_only,nuscenes,ty,0.05,2,scene-0103_010,0.1523,yaw-3,-0.0554,0.0955,False
yaw_only,nuscenes,ty,0.1,2,scene-0103_010,0.156,yaw-3,-0.0824,0.0955,False
yaw_only,nuscenes,tz,0.0,2,scene-0103_010,0.1527,yaw-3,-0.0375,0.0955,False
yaw_only,nuscenes,tz,0.02,2,scene-0103_010,0.1548,yaw-3,-0.0482,0.0955,False
yaw_only,nuscenes,tz,0.05,2,scene-0103_010,0.1516,yaw-3,-0.0353,0.0955,False
yaw_only,nuscenes,tz,0.1,2,scene-0103_010,0.1541,yaw-3,-0.0691,0.0955,False
yaw_only,nuscenes,yaw,0.0,3,scene-0103_015,0.1295,yaw-3,0.0905,0.0955,False
yaw_only,nuscenes,yaw,0.5,3,scene-0103_015,0.1203,yaw-3,0.0803,0.0955,False
yaw_only,nuscenes,yaw,1.0,3,scene-0103_015,0.1136,yaw-3,0.153,0.0955,True
yaw_only,nuscenes,yaw,2.0,3,scene-0103_015,0.105,yaw-2,0.2326,0.0955,True
yaw_only,nuscenes,yaw,3.0,3,scene-0103_015,0.1012,yaw-3,0.2797,0.0955,True
yaw_only,nuscenes,pitch,0.0,3,scene-0103_015,0.1295,yaw-3,0.0905,0.0955,False
yaw_only,nuscenes,pitch,0.5,3,scene-0103_015,0.1303,yaw-3,0.0092,0.0955,False
yaw_only,nuscenes,pitch,1.0,3,scene-0103_015,0.1304,yaw-3,0.073,0.0955,False
yaw_only,nuscenes,pitch,2.0,3,scene-0103_015,0.1404,yaw-3,0.0608,0.0955,False
yaw_only,nuscenes,pitch,3.0,3,scene-0103_015,0.1473,yaw-3,0.0198,0.0955,False
yaw_only,nuscenes,roll,0.0,3,scene-0103_015,0.1295,yaw-3,0.0905,0.0955,False
yaw_only,nuscenes,roll,0.5,3,scene-0103_015,0.1322,yaw-3,0.0574,0.0955,False
yaw_only,nuscenes,roll,1.0,3,scene-0103_015,0.1128,yaw-3,0.0976,0.0955,True
yaw_only,nuscenes,roll,2.0,3,scene-0103_015,0.0955,yaw-3,0.194,0.0955,True
yaw_only,nuscenes,roll,3.0,3,scene-0103_015,0.0804,yaw-3,0.2665,0.0955,True
yaw_only,nuscenes,tx,0.0,3,scene-0103_015,0.1295,yaw-3,0.0905,0.0955,False
yaw_only,nuscenes,tx,0.02,3,scene-0103_015,0.1249,yaw-3,0.1169,0.0955,True
yaw_only,nuscenes,tx,0.05,3,scene-0103_015,0.1302,yaw-3,0.0643,0.0955,False
yaw_only,nuscenes,tx,0.1,3,scene-0103_015,0.126,yaw-3,0.0921,0.0955,False
yaw_only,nuscenes,ty,0.0,3,scene-0103_015,0.1295,yaw-3,0.0905,0.0955,False
yaw_only,nuscenes,ty,0.02,3,scene-0103_015,0.133,yaw-3,0.0531,0.0955,False
yaw_only,nuscenes,ty,0.05,3,scene-0103_015,0.1345,yaw-3,0.0572,0.0955,False
yaw_only,nuscenes,ty,0.1,3,scene-0103_015,0.1318,yaw-3,0.0747,0.0955,False
yaw_only,nuscenes,tz,0.0,3,scene-0103_015,0.1295,yaw-3,0.0905,0.0955,False
yaw_only,nuscenes,tz,0.02,3,scene-0103_015,0.1354,yaw-3,0.0547,0.0955,False
yaw_only,nuscenes,tz,0.05,3,scene-0103_015,0.1433,yaw-3,-0.0116,0.0955,False
yaw_only,nuscenes,tz,0.1,3,scene-0103_015,0.141,yaw-3,0.0382,0.0955,False
yaw_only,nuscenes,yaw,0.0,4,scene-0103_020,0.121,yaw-3,-0.0619,0.0955,False
yaw_only,nuscenes,yaw,0.5,4,scene-0103_020,0.1104,yaw-0.5,0.0959,0.0955,True
yaw_only,nuscenes,yaw,1.0,4,scene-0103_020,0.1052,yaw-1,0.1504,0.0955,True
yaw_only,nuscenes,yaw,2.0,4,scene-0103_020,0.0977,yaw-2,0.239,0.0955,True
yaw_only,nuscenes,yaw,3.0,4,scene-0103_020,0.1012,yaw-3,0.1954,0.0955,True
yaw_only,nuscenes,pitch,0.0,4,scene-0103_020,0.121,yaw-3,-0.0619,0.0955,False
yaw_only,nuscenes,pitch,0.5,4,scene-0103_020,0.117,yaw-3,0.0136,0.0955,False
yaw_only,nuscenes,pitch,1.0,4,scene-0103_020,0.1257,yaw-3,-0.035,0.0955,False
yaw_only,nuscenes,pitch,2.0,4,scene-0103_020,0.1232,yaw-3,0.0297,0.0955,False
yaw_only,nuscenes,pitch,3.0,4,scene-0103_020,0.1268,yaw-3,0.0045,0.0955,False
yaw_only,nuscenes,roll,0.0,4,scene-0103_020,0.121,yaw-3,-0.0619,0.0955,False
yaw_only,nuscenes,roll,0.5,4,scene-0103_020,0.1125,yaw-3,0.0435,0.0955,False
yaw_only,nuscenes,roll,1.0,4,scene-0103_020,0.095,yaw-3,0.248,0.0955,True
yaw_only,nuscenes,roll,2.0,4,scene-0103_020,0.0894,yaw-3,0.1767,0.0955,True
yaw_only,nuscenes,roll,3.0,4,scene-0103_020,0.0791,yaw-3,0.2592,0.0955,True
yaw_only,nuscenes,tx,0.0,4,scene-0103_020,0.121,yaw-3,-0.0619,0.0955,False
yaw_only,nuscenes,tx,0.02,4,scene-0103_020,0.1205,yaw+0.5,-0.0661,0.0955,False
yaw_only,nuscenes,tx,0.05,4,scene-0103_020,0.1163,yaw-3,-0.0278,0.0955,False
yaw_only,nuscenes,tx,0.1,4,scene-0103_020,0.1162,yaw+0.5,0.0234,0.0955,False
yaw_only,nuscenes,ty,0.0,4,scene-0103_020,0.121,yaw-3,-0.0619,0.0955,False
yaw_only,nuscenes,ty,0.02,4,scene-0103_020,0.1204,yaw-3,-0.0579,0.0955,False
yaw_only,nuscenes,ty,0.05,4,scene-0103_020,0.1213,yaw-3,-0.0743,0.0955,False
yaw_only,nuscenes,ty,0.1,4,scene-0103_020,0.1182,yaw-3,-0.0372,0.0955,False
yaw_only,nuscenes,tz,0.0,4,scene-0103_020,0.121,yaw-3,-0.0619,0.0955,False
yaw_only,nuscenes,tz,0.02,4,scene-0103_020,0.12,yaw-3,-0.0494,0.0955,False
yaw_only,nuscenes,tz,0.05,4,scene-0103_020,0.1187,yaw-3,-0.0336,0.0955,False
yaw_only,nuscenes,tz,0.1,4,scene-0103_020,0.1224,yaw-3,-0.0488,0.0955,False
yaw_only,nuscenes,yaw,0.0,5,scene-0103_025,0.1221,yaw-0.5,0.0057,0.0955,False
yaw_only,nuscenes,yaw,0.5,5,scene-0103_025,0.1102,yaw-1,0.1142,0.0955,True
yaw_only,nuscenes,yaw,1.0,5,scene-0103_025,0.1023,yaw-1,0.1933,0.0955,True
yaw_only,nuscenes,yaw,2.0,5,scene-0103_025,0.0894,yaw-2,0.3658,0.0955,True
yaw_only,nuscenes,yaw,3.0,5,scene-0103_025,0.0931,yaw-3,0.3116,0.0955,True
yaw_only,nuscenes,pitch,0.0,5,scene-0103_025,0.1221,yaw-0.5,0.0057,0.0955,False
yaw_only,nuscenes,pitch,0.5,5,scene-0103_025,0.1287,yaw-3,-0.0243,0.0955,False
yaw_only,nuscenes,pitch,1.0,5,scene-0103_025,0.1302,yaw-3,-0.0128,0.0955,False
yaw_only,nuscenes,pitch,2.0,5,scene-0103_025,0.1278,yaw-1,0.0161,0.0955,False
yaw_only,nuscenes,pitch,3.0,5,scene-0103_025,0.1353,yaw-0.5,0.0644,0.0955,False
yaw_only,nuscenes,roll,0.0,5,scene-0103_025,0.1221,yaw-0.5,0.0057,0.0955,False
yaw_only,nuscenes,roll,0.5,5,scene-0103_025,0.1141,yaw-3,0.0271,0.0955,False
yaw_only,nuscenes,roll,1.0,5,scene-0103_025,0.0952,yaw-3,0.2207,0.0955,True
yaw_only,nuscenes,roll,2.0,5,scene-0103_025,0.0906,yaw-3,0.2195,0.0955,True
yaw_only,nuscenes,roll,3.0,5,scene-0103_025,0.0835,yaw-3,0.1881,0.0955,True
yaw_only,nuscenes,tx,0.0,5,scene-0103_025,0.1221,yaw-0.5,0.0057,0.0955,False
yaw_only,nuscenes,tx,0.02,5,scene-0103_025,0.1255,yaw-0.5,-0.0398,0.0955,False
yaw_only,nuscenes,tx,0.05,5,scene-0103_025,0.128,yaw-0.5,-0.071,0.0955,False
yaw_only,nuscenes,tx,0.1,5,scene-0103_025,0.1254,yaw-3,-0.0234,0.0955,False
yaw_only,nuscenes,ty,0.0,5,scene-0103_025,0.1221,yaw-0.5,0.0057,0.0955,False
yaw_only,nuscenes,ty,0.02,5,scene-0103_025,0.1225,yaw-0.5,0.0009,0.0955,False
yaw_only,nuscenes,ty,0.05,5,scene-0103_025,0.1248,yaw-0.5,-0.0258,0.0955,False
yaw_only,nuscenes,ty,0.1,5,scene-0103_025,0.1233,yaw-0.5,-0.0044,0.0955,False
yaw_only,nuscenes,tz,0.0,5,scene-0103_025,0.1221,yaw-0.5,0.0057,0.0955,False
yaw_only,nuscenes,tz,0.02,5,scene-0103_025,0.1227,yaw-0.5,-0.0204,0.0955,False
yaw_only,nuscenes,tz,0.05,5,scene-0103_025,0.1202,yaw-2,-0.0051,0.0955,False
yaw_only,nuscenes,tz,0.1,5,scene-0103_025,0.1227,yaw-1,-0.0359,0.0955,False
yaw_only,nuscenes,yaw,0.0,6,scene-0103_030,0.1469,yaw-0.5,-0.0951,0.0955,False
yaw_only,nuscenes,yaw,0.5,6,scene-0103_030,0.1266,yaw-0.5,0.1601,0.0955,True
yaw_only,nuscenes,yaw,1.0,6,scene-0103_030,0.1178,yaw-1,0.247,0.0955,True
yaw_only,nuscenes,yaw,2.0,6,scene-0103_030,0.1253,yaw-2,0.1727,0.0955,True
yaw_only,nuscenes,yaw,3.0,6,scene-0103_030,0.1124,yaw-3,0.3065,0.0955,True
yaw_only,nuscenes,pitch,0.0,6,scene-0103_030,0.1469,yaw-0.5,-0.0951,0.0955,False
yaw_only,nuscenes,pitch,0.5,6,scene-0103_030,0.1505,yaw-0.5,-0.0604,0.0955,False
yaw_only,nuscenes,pitch,1.0,6,scene-0103_030,0.1538,yaw-1,-0.0547,0.0955,False
yaw_only,nuscenes,pitch,2.0,6,scene-0103_030,0.16,yaw-1,0.0076,0.0955,False
yaw_only,nuscenes,pitch,3.0,6,scene-0103_030,0.1513,yaw-0.5,0.0847,0.0955,False
yaw_only,nuscenes,roll,0.0,6,scene-0103_030,0.1469,yaw-0.5,-0.0951,0.0955,False
yaw_only,nuscenes,roll,0.5,6,scene-0103_030,0.1269,yaw-3,-0.0169,0.0955,False
yaw_only,nuscenes,roll,1.0,6,scene-0103_030,0.1158,yaw-3,0.1007,0.0955,True
yaw_only,nuscenes,roll,2.0,6,scene-0103_030,0.1076,yaw-3,0.1029,0.0955,True
yaw_only,nuscenes,roll,3.0,6,scene-0103_030,0.1223,yaw-2,-0.0017,0.0955,False
yaw_only,nuscenes,tx,0.0,6,scene-0103_030,0.1469,yaw-0.5,-0.0951,0.0955,False
yaw_only,nuscenes,tx,0.02,6,scene-0103_030,0.1457,yaw-0.5,-0.0821,0.0955,False
yaw_only,nuscenes,tx,0.05,6,scene-0103_030,0.1437,yaw-0.5,-0.0606,0.0955,False
yaw_only,nuscenes,tx,0.1,6,scene-0103_030,0.1409,yaw+0.5,-0.0489,0.0955,False
yaw_only,nuscenes,ty,0.0,6,scene-0103_030,0.1469,yaw-0.5,-0.0951,0.0955,False
yaw_only,nuscenes,ty,0.02,6,scene-0103_030,0.1471,yaw-0.5,-0.0863,0.0955,False
yaw_only,nuscenes,ty,0.05,6,scene-0103_030,0.1463,yaw-0.5,-0.0936,0.0955,False
yaw_only,nuscenes,ty,0.1,6,scene-0103_030,0.1471,yaw-0.5,-0.0848,0.0955,False
yaw_only,nuscenes,tz,0.0,6,scene-0103_030,0.1469,yaw-0.5,-0.0951,0.0955,False
yaw_only,nuscenes,tz,0.02,6,scene-0103_030,0.1441,yaw-3,-0.0861,0.0955,False
yaw_only,nuscenes,tz,0.05,6,scene-0103_030,0.1376,yaw-0.5,-0.0405,0.0955,False
yaw_only,nuscenes,tz,0.1,6,scene-0103_030,0.1368,yaw-0.5,-0.0263,0.0955,False
yaw_only,nuscenes,yaw,0.0,7,scene-0103_035,0.1586,yaw+3,-0.0468,0.0955,False
yaw_only,nuscenes,yaw,0.5,7,scene-0103_035,0.1498,yaw+3,0.0892,0.0955,False
yaw_only,nuscenes,yaw,1.0,7,scene-0103_035,0.1394,yaw+3,0.1507,0.0955,True
yaw_only,nuscenes,yaw,2.0,7,scene-0103_035,0.1472,yaw+3,0.129,0.0955,True
yaw_only,nuscenes,yaw,3.0,7,scene-0103_035,0.1512,yaw+2,0.099,0.0955,True
yaw_only,nuscenes,pitch,0.0,7,scene-0103_035,0.1586,yaw+3,-0.0468,0.0955,False
yaw_only,nuscenes,pitch,0.5,7,scene-0103_035,0.1721,yaw+0.5,-0.0876,0.0955,False
yaw_only,nuscenes,pitch,1.0,7,scene-0103_035,0.1702,yaw+0.5,-0.0702,0.0955,False
yaw_only,nuscenes,pitch,2.0,7,scene-0103_035,0.1681,yaw+3,-0.0169,0.0955,False
yaw_only,nuscenes,pitch,3.0,7,scene-0103_035,0.1545,yaw+3,0.1002,0.0955,True
yaw_only,nuscenes,roll,0.0,7,scene-0103_035,0.1586,yaw+3,-0.0468,0.0955,False
yaw_only,nuscenes,roll,0.5,7,scene-0103_035,0.1447,yaw+3,-0.0943,0.0955,False
yaw_only,nuscenes,roll,1.0,7,scene-0103_035,0.1337,yaw+3,-0.0032,0.0955,False
yaw_only,nuscenes,roll,2.0,7,scene-0103_035,0.0997,yaw+2,0.1865,0.0955,True
yaw_only,nuscenes,roll,3.0,7,scene-0103_035,0.1069,yaw+3,0.1719,0.0955,True
yaw_only,nuscenes,tx,0.0,7,scene-0103_035,0.1586,yaw+3,-0.0468,0.0955,False
yaw_only,nuscenes,tx,0.02,7,scene-0103_035,0.1584,yaw+3,-0.0266,0.0955,False
yaw_only,nuscenes,tx,0.05,7,scene-0103_035,0.1595,yaw+3,-0.0352,0.0955,False
yaw_only,nuscenes,tx,0.1,7,scene-0103_035,0.1577,yaw+3,-0.0523,0.0955,False
yaw_only,nuscenes,ty,0.0,7,scene-0103_035,0.1586,yaw+3,-0.0468,0.0955,False
yaw_only,nuscenes,ty,0.02,7,scene-0103_035,0.1603,yaw+3,-0.0662,0.0955,False
yaw_only,nuscenes,ty,0.05,7,scene-0103_035,0.1588,yaw+0.5,-0.0597,0.0955,False
yaw_only,nuscenes,ty,0.1,7,scene-0103_035,0.1622,yaw+3,-0.0596,0.0955,False
yaw_only,nuscenes,tz,0.0,7,scene-0103_035,0.1586,yaw+3,-0.0468,0.0955,False
yaw_only,nuscenes,tz,0.02,7,scene-0103_035,0.1599,yaw+3,-0.0535,0.0955,False
yaw_only,nuscenes,tz,0.05,7,scene-0103_035,0.1589,yaw+3,-0.0752,0.0955,False
yaw_only,nuscenes,tz,0.1,7,scene-0103_035,0.1606,yaw+3,-0.0771,0.0955,False
yaw_only,nuscenes,yaw,0.0,8,scene-1094_000,0.2481,yaw+3,-0.0286,0.0955,False
yaw_only,nuscenes,yaw,0.5,8,scene-1094_000,0.2227,yaw-0.5,0.1141,0.0955,True
yaw_only,nuscenes,yaw,1.0,8,scene-1094_000,0.2352,yaw-1,0.0547,0.0955,False
yaw_only,nuscenes,yaw,2.0,8,scene-1094_000,0.2289,yaw-2,0.084,0.0955,False
yaw_only,nuscenes,yaw,3.0,8,scene-1094_000,0.241,yaw+3,0.0539,0.0955,False
yaw_only,nuscenes,pitch,0.0,8,scene-1094_000,0.2481,yaw+3,-0.0286,0.0955,False
yaw_only,nuscenes,pitch,0.5,8,scene-1094_000,0.2633,yaw+1,-0.0513,0.0955,False
yaw_only,nuscenes,pitch,1.0,8,scene-1094_000,0.2421,yaw+3,-0.0287,0.0955,False
yaw_only,nuscenes,pitch,2.0,8,scene-1094_000,0.2278,yaw+3,-0.0064,0.0955,False
yaw_only,nuscenes,pitch,3.0,8,scene-1094_000,0.2172,yaw-0.5,0.0811,0.0955,False
yaw_only,nuscenes,roll,0.0,8,scene-1094_000,0.2481,yaw+3,-0.0286,0.0955,False
yaw_only,nuscenes,roll,0.5,8,scene-1094_000,0.2766,yaw+1,-0.0973,0.0955,False
yaw_only,nuscenes,roll,1.0,8,scene-1094_000,0.2377,yaw+0.5,-0.0537,0.0955,False
yaw_only,nuscenes,roll,2.0,8,scene-1094_000,0.2123,yaw+1,0.0152,0.0955,False
yaw_only,nuscenes,roll,3.0,8,scene-1094_000,0.1982,yaw+1,0.0303,0.0955,False
yaw_only,nuscenes,tx,0.0,8,scene-1094_000,0.2481,yaw+3,-0.0286,0.0955,False
yaw_only,nuscenes,tx,0.02,8,scene-1094_000,0.2495,yaw+3,-0.0387,0.0955,False
yaw_only,nuscenes,tx,0.05,8,scene-1094_000,0.2368,yaw+3,0.0307,0.0955,False
yaw_only,nuscenes,tx,0.1,8,scene-1094_000,0.2202,yaw+3,0.0964,0.0955,True
yaw_only,nuscenes,ty,0.0,8,scene-1094_000,0.2481,yaw+3,-0.0286,0.0955,False
yaw_only,nuscenes,ty,0.02,8,scene-1094_000,0.2459,yaw+3,-0.0323,0.0955,False
yaw_only,nuscenes,ty,0.05,8,scene-1094_000,0.2449,yaw+3,-0.037,0.0955,False
yaw_only,nuscenes,ty,0.1,8,scene-1094_000,0.237,yaw+3,-0.0039,0.0955,False
yaw_only,nuscenes,tz,0.0,8,scene-1094_000,0.2481,yaw+3,-0.0286,0.0955,False
yaw_only,nuscenes,tz,0.02,8,scene-1094_000,0.2586,yaw+3,-0.0846,0.0955,False
yaw_only,nuscenes,tz,0.05,8,scene-1094_000,0.2622,yaw+1,-0.0851,0.0955,False
yaw_only,nuscenes,tz,0.1,8,scene-1094_000,0.2614,yaw+1,-0.0642,0.0955,False
yaw_only,nuscenes,yaw,0.0,9,scene-1094_005,0.3283,yaw-0.5,-0.0423,0.0955,False
yaw_only,nuscenes,yaw,0.5,9,scene-1094_005,0.2963,yaw-0.5,0.108,0.0955,True
yaw_only,nuscenes,yaw,1.0,9,scene-1094_005,0.2873,yaw-1,0.1427,0.0955,True
yaw_only,nuscenes,yaw,2.0,9,scene-1094_005,0.2974,yaw-2,0.1041,0.0955,True
yaw_only,nuscenes,yaw,3.0,9,scene-1094_005,0.3104,yaw-3,0.0578,0.0955,False
yaw_only,nuscenes,pitch,0.0,9,scene-1094_005,0.3283,yaw-0.5,-0.0423,0.0955,False
yaw_only,nuscenes,pitch,0.5,9,scene-1094_005,0.3243,yaw+2,-0.0353,0.0955,False
yaw_only,nuscenes,pitch,1.0,9,scene-1094_005,0.3329,yaw+2,-0.0392,0.0955,False
yaw_only,nuscenes,pitch,2.0,9,scene-1094_005,0.3211,yaw+3,-0.011,0.0955,False
yaw_only,nuscenes,pitch,3.0,9,scene-1094_005,0.2967,yaw+2,0.0365,0.0955,False
yaw_only,nuscenes,roll,0.0,9,scene-1094_005,0.3283,yaw-0.5,-0.0423,0.0955,False
yaw_only,nuscenes,roll,0.5,9,scene-1094_005,0.3568,yaw+0.5,-0.101,0.0955,False
yaw_only,nuscenes,roll,1.0,9,scene-1094_005,0.3304,yaw+0.5,-0.0499,0.0955,False
yaw_only,nuscenes,roll,2.0,9,scene-1094_005,0.2915,yaw+1,-0.0353,0.0955,False
yaw_only,nuscenes,roll,3.0,9,scene-1094_005,0.2661,yaw-0.5,-0.0331,0.0955,False
yaw_only,nuscenes,tx,0.0,9,scene-1094_005,0.3283,yaw-0.5,-0.0423,0.0955,False
yaw_only,nuscenes,tx,0.02,9,scene-1094_005,0.3295,yaw-0.5,-0.0671,0.0955,False
yaw_only,nuscenes,tx,0.05,9,scene-1094_005,0.3379,yaw+3,-0.0906,0.0955,False
yaw_only,nuscenes,tx,0.1,9,scene-1094_005,0.3419,yaw+0.5,-0.0519,0.0955,False
yaw_only,nuscenes,ty,0.0,9,scene-1094_005,0.3283,yaw-0.5,-0.0423,0.0955,False
yaw_only,nuscenes,ty,0.02,9,scene-1094_005,0.3285,yaw-0.5,-0.0413,0.0955,False
yaw_only,nuscenes,ty,0.05,9,scene-1094_005,0.3257,yaw-0.5,-0.0307,0.0955,False
yaw_only,nuscenes,ty,0.1,9,scene-1094_005,0.321,yaw-0.5,-0.0244,0.0955,False
yaw_only,nuscenes,tz,0.0,9,scene-1094_005,0.3283,yaw-0.5,-0.0423,0.0955,False
yaw_only,nuscenes,tz,0.02,9,scene-1094_005,0.3342,yaw-0.5,-0.0563,0.0955,False
yaw_only,nuscenes,tz,0.05,9,scene-1094_005,0.3452,yaw-0.5,-0.0953,0.0955,False
yaw_only,nuscenes,tz,0.1,9,scene-1094_005,0.3581,yaw-0.5,-0.0897,0.0955,False
yaw_only,nuscenes,yaw,0.0,10,scene-1094_010,0.2354,yaw+2,-0.0455,0.0955,False
yaw_only,nuscenes,yaw,0.5,10,scene-1094_010,0.223,yaw+3,0.0767,0.0955,False
yaw_only,nuscenes,yaw,1.0,10,scene-1094_010,0.2185,yaw-1,0.0776,0.0955,False
yaw_only,nuscenes,yaw,2.0,10,scene-1094_010,0.2247,yaw-2,0.0476,0.0955,False
yaw_only,nuscenes,yaw,3.0,10,scene-1094_010,0.2246,yaw+0.5,0.069,0.0955,False
yaw_only,nuscenes,pitch,0.0,10,scene-1094_010,0.2354,yaw+2,-0.0455,0.0955,False
yaw_only,nuscenes,pitch,0.5,10,scene-1094_010,0.23,yaw+3,0.0222,0.0955,False
yaw_only,nuscenes,pitch,1.0,10,scene-1094_010,0.2267,yaw+3,-0.0065,0.0955,False
yaw_only,nuscenes,pitch,2.0,10,scene-1094_010,0.22,yaw+3,0.007,0.0955,False
yaw_only,nuscenes,pitch,3.0,10,scene-1094_010,0.2281,yaw-1,-0.0145,0.0955,False
yaw_only,nuscenes,roll,0.0,10,scene-1094_010,0.2354,yaw+2,-0.0455,0.0955,False
yaw_only,nuscenes,roll,0.5,10,scene-1094_010,0.2387,yaw+0.5,-0.0006,0.0955,False
yaw_only,nuscenes,roll,1.0,10,scene-1094_010,0.2415,yaw+0.5,-0.0558,0.0955,False
yaw_only,nuscenes,roll,2.0,10,scene-1094_010,0.2257,yaw+3,0.036,0.0955,False
yaw_only,nuscenes,roll,3.0,10,scene-1094_010,0.1862,yaw+3,-0.0363,0.0955,False
yaw_only,nuscenes,tx,0.0,10,scene-1094_010,0.2354,yaw+2,-0.0455,0.0955,False
yaw_only,nuscenes,tx,0.02,10,scene-1094_010,0.2371,yaw+3,-0.0535,0.0955,False
yaw_only,nuscenes,tx,0.05,10,scene-1094_010,0.2342,yaw+3,-0.0412,0.0955,False
yaw_only,nuscenes,tx,0.1,10,scene-1094_010,0.2327,yaw+0.5,-0.0379,0.0955,False
yaw_only,nuscenes,ty,0.0,10,scene-1094_010,0.2354,yaw+2,-0.0455,0.0955,False
yaw_only,nuscenes,ty,0.02,10,scene-1094_010,0.2354,yaw+2,-0.0409,0.0955,False
yaw_only,nuscenes,ty,0.05,10,scene-1094_010,0.2351,yaw+3,-0.0316,0.0955,False
yaw_only,nuscenes,ty,0.1,10,scene-1094_010,0.2313,yaw+2,-0.0229,0.0955,False
yaw_only,nuscenes,tz,0.0,10,scene-1094_010,0.2354,yaw+2,-0.0455,0.0955,False
yaw_only,nuscenes,tz,0.02,10,scene-1094_010,0.2332,yaw+2,-0.0368,0.0955,False
yaw_only,nuscenes,tz,0.05,10,scene-1094_010,0.2234,yaw+3,0.0228,0.0955,False
yaw_only,nuscenes,tz,0.1,10,scene-1094_010,0.2254,yaw+3,0.0012,0.0955,False
yaw_only,nuscenes,yaw,0.0,11,scene-1094_015,0.1858,yaw+0.5,0.0322,0.0955,False
yaw_only,nuscenes,yaw,0.5,11,scene-1094_015,0.1918,yaw-0.5,-0.0312,0.0955,False
yaw_only,nuscenes,yaw,1.0,11,scene-1094_015,0.1686,yaw-0.5,0.1375,0.0955,True
yaw_only,nuscenes,yaw,2.0,11,scene-1094_015,0.1735,yaw-2,0.0711,0.0955,False
yaw_only,nuscenes,yaw,3.0,11,scene-1094_015,0.1718,yaw-3,0.0816,0.0955,False
yaw_only,nuscenes,pitch,0.0,11,scene-1094_015,0.1858,yaw+0.5,0.0322,0.0955,False
yaw_only,nuscenes,pitch,0.5,11,scene-1094_015,0.1911,yaw+0.5,-0.0212,0.0955,False
yaw_only,nuscenes,pitch,1.0,11,scene-1094_015,0.1882,yaw-0.5,-0.0086,0.0955,False
yaw_only,nuscenes,pitch,2.0,11,scene-1094_015,0.1892,yaw+0.5,-0.0703,0.0955,False
yaw_only,nuscenes,pitch,3.0,11,scene-1094_015,0.1813,yaw+0.5,-0.0331,0.0955,False
yaw_only,nuscenes,roll,0.0,11,scene-1094_015,0.1858,yaw+0.5,0.0322,0.0955,False
yaw_only,nuscenes,roll,0.5,11,scene-1094_015,0.1869,yaw-0.5,-0.0367,0.0955,False
yaw_only,nuscenes,roll,1.0,11,scene-1094_015,0.1672,yaw-3,-0.022,0.0955,False
yaw_only,nuscenes,roll,2.0,11,scene-1094_015,0.1603,yaw-0.5,-0.0306,0.0955,False
yaw_only,nuscenes,roll,3.0,11,scene-1094_015,0.14,yaw-2,-0.0512,0.0955,False
yaw_only,nuscenes,tx,0.0,11,scene-1094_015,0.1858,yaw+0.5,0.0322,0.0955,False
yaw_only,nuscenes,tx,0.02,11,scene-1094_015,0.1834,yaw+0.5,0.0534,0.0955,False
yaw_only,nuscenes,tx,0.05,11,scene-1094_015,0.1875,yaw+0.5,0.046,0.0955,False
yaw_only,nuscenes,tx,0.1,11,scene-1094_015,0.1952,yaw+0.5,-0.0007,0.0955,False
yaw_only,nuscenes,ty,0.0,11,scene-1094_015,0.1858,yaw+0.5,0.0322,0.0955,False
yaw_only,nuscenes,ty,0.02,11,scene-1094_015,0.1862,yaw+0.5,0.0168,0.0955,False
yaw_only,nuscenes,ty,0.05,11,scene-1094_015,0.187,yaw+0.5,0.0147,0.0955,False
yaw_only,nuscenes,ty,0.1,11,scene-1094_015,0.1897,yaw+0.5,0.0018,0.0955,False
yaw_only,nuscenes,tz,0.0,11,scene-1094_015,0.1858,yaw+0.5,0.0322,0.0955,False
yaw_only,nuscenes,tz,0.02,11,scene-1094_015,0.1928,yaw+0.5,-0.0051,0.0955,False
yaw_only,nuscenes,tz,0.05,11,scene-1094_015,0.1946,yaw+0.5,-0.0149,0.0955,False
yaw_only,nuscenes,tz,0.1,11,scene-1094_015,0.1938,yaw+0.5,-0.022,0.0955,False
yaw_only,nuscenes,yaw,0.0,12,scene-1094_020,0.1727,yaw-0.5,-0.0582,0.0955,False
yaw_only,nuscenes,yaw,0.5,12,scene-1094_020,0.1567,yaw-0.5,0.1016,0.0955,True
yaw_only,nuscenes,yaw,1.0,12,scene-1094_020,0.1523,yaw-1,0.134,0.0955,True
yaw_only,nuscenes,yaw,2.0,12,scene-1094_020,0.1526,yaw-2,0.1313,0.0955,True
yaw_only,nuscenes,yaw,3.0,12,scene-1094_020,0.1307,yaw-3,0.3207,0.0955,True
yaw_only,nuscenes,pitch,0.0,12,scene-1094_020,0.1727,yaw-0.5,-0.0582,0.0955,False
yaw_only,nuscenes,pitch,0.5,12,scene-1094_020,0.1674,yaw-0.5,-0.0348,0.0955,False
yaw_only,nuscenes,pitch,1.0,12,scene-1094_020,0.174,yaw-0.5,-0.05,0.0955,False
yaw_only,nuscenes,pitch,2.0,12,scene-1094_020,0.1712,yaw-0.5,-0.0848,0.0955,False
yaw_only,nuscenes,pitch,3.0,12,scene-1094_020,0.1513,yaw+0.5,-0.0137,0.0955,False
yaw_only,nuscenes,roll,0.0,12,scene-1094_020,0.1727,yaw-0.5,-0.0582,0.0955,False
yaw_only,nuscenes,roll,0.5,12,scene-1094_020,0.1637,yaw+1,-0.0323,0.0955,False
yaw_only,nuscenes,roll,1.0,12,scene-1094_020,0.1458,yaw+2,-0.0253,0.0955,False
yaw_only,nuscenes,roll,2.0,12,scene-1094_020,0.1458,yaw-0.5,-0.0575,0.0955,False
yaw_only,nuscenes,roll,3.0,12,scene-1094_020,0.1153,yaw-1,-0.0842,0.0955,False
yaw_only,nuscenes,tx,0.0,12,scene-1094_020,0.1727,yaw-0.5,-0.0582,0.0955,False
yaw_only,nuscenes,tx,0.02,12,scene-1094_020,0.1748,yaw-0.5,-0.0868,0.0955,False
yaw_only,nuscenes,tx,0.05,12,scene-1094_020,0.1707,yaw+0.5,-0.0733,0.0955,False
yaw_only,nuscenes,tx,0.1,12,scene-1094_020,0.1781,yaw+0.5,-0.119,0.0955,False
yaw_only,nuscenes,ty,0.0,12,scene-1094_020,0.1727,yaw-0.5,-0.0582,0.0955,False
yaw_only,nuscenes,ty,0.02,12,scene-1094_020,0.1706,yaw-0.5,-0.0512,0.0955,False
yaw_only,nuscenes,ty,0.05,12,scene-1094_020,0.171,yaw-0.5,-0.0357,0.0955,False
yaw_only,nuscenes,ty,0.1,12,scene-1094_020,0.1664,yaw-0.5,-0.0016,0.0955,False
yaw_only,nuscenes,tz,0.0,12,scene-1094_020,0.1727,yaw-0.5,-0.0582,0.0955,False
yaw_only,nuscenes,tz,0.02,12,scene-1094_020,0.1707,yaw-0.5,-0.0465,0.0955,False
yaw_only,nuscenes,tz,0.05,12,scene-1094_020,0.1658,yaw-0.5,0.001,0.0955,False
yaw_only,nuscenes,tz,0.1,12,scene-1094_020,0.164,yaw-0.5,0.006,0.0955,False
yaw_only,nuscenes,yaw,0.0,13,scene-1094_025,0.137,yaw-1,-0.0516,0.0955,False
yaw_only,nuscenes,yaw,0.5,13,scene-1094_025,0.1252,yaw-0.5,0.0942,0.0955,False
yaw_only,nuscenes,yaw,1.0,13,scene-1094_025,0.1289,yaw-1,0.0629,0.0955,False
yaw_only,nuscenes,yaw,2.0,13,scene-1094_025,0.124,yaw-2,0.1046,0.0955,True
yaw_only,nuscenes,yaw,3.0,13,scene-1094_025,0.1134,yaw-3,0.2079,0.0955,True
yaw_only,nuscenes,pitch,0.0,13,scene-1094_025,0.137,yaw-1,-0.0516,0.0955,False
yaw_only,nuscenes,pitch,0.5,13,scene-1094_025,0.1379,yaw+1,-0.0134,0.0955,False
yaw_only,nuscenes,pitch,1.0,13,scene-1094_025,0.1421,yaw+1,-0.0411,0.0955,False
yaw_only,nuscenes,pitch,2.0,13,scene-1094_025,0.1342,yaw+0.5,0.0451,0.0955,False
yaw_only,nuscenes,pitch,3.0,13,scene-1094_025,0.1293,yaw+0.5,0.0125,0.0955,False
yaw_only,nuscenes,roll,0.0,13,scene-1094_025,0.137,yaw-1,-0.0516,0.0955,False
yaw_only,nuscenes,roll,0.5,13,scene-1094_025,0.1403,yaw+1,-0.0773,0.0955,False
yaw_only,nuscenes,roll,1.0,13,scene-1094_025,0.12,yaw+2,0.0338,0.0955,False
yaw_only,nuscenes,roll,2.0,13,scene-1094_025,0.1141,yaw+1,0.0606,0.0955,False
yaw_only,nuscenes,roll,3.0,13,scene-1094_025,0.1031,yaw+0.5,0.0251,0.0955,False
yaw_only,nuscenes,tx,0.0,13,scene-1094_025,0.137,yaw-1,-0.0516,0.0955,False
yaw_only,nuscenes,tx,0.02,13,scene-1094_025,0.1369,yaw-1,-0.0462,0.0955,False
yaw_only,nuscenes,tx,0.05,13,scene-1094_025,0.1333,yaw+1,-0.0368,0.0955,False
yaw_only,nuscenes,tx,0.1,13,scene-1094_025,0.1376,yaw-0.5,-0.0427,0.0955,False
yaw_only,nuscenes,ty,0.0,13,scene-1094_025,0.137,yaw-1,-0.0516,0.0955,False
yaw_only,nuscenes,ty,0.02,13,scene-1094_025,0.138,yaw+1,-0.0624,0.0955,False
yaw_only,nuscenes,ty,0.05,13,scene-1094_025,0.1398,yaw+1,-0.0815,0.0955,False
yaw_only,nuscenes,ty,0.1,13,scene-1094_025,0.1425,yaw+1,-0.0975,0.0955,False
yaw_only,nuscenes,tz,0.0,13,scene-1094_025,0.137,yaw-1,-0.0516,0.0955,False
yaw_only,nuscenes,tz,0.02,13,scene-1094_025,0.1395,yaw+1,-0.0616,0.0955,False
yaw_only,nuscenes,tz,0.05,13,scene-1094_025,0.1418,yaw+1,-0.0526,0.0955,False
yaw_only,nuscenes,tz,0.1,13,scene-1094_025,0.144,yaw+1,-0.0375,0.0955,False
yaw_only,nuscenes,yaw,0.0,14,scene-1094_030,0.1054,yaw-3,0.0312,0.0955,False
yaw_only,nuscenes,yaw,0.5,14,scene-1094_030,0.099,yaw-0.5,0.0648,0.0955,False
yaw_only,nuscenes,yaw,1.0,14,scene-1094_030,0.0983,yaw-1,0.0719,0.0955,False
yaw_only,nuscenes,yaw,2.0,14,scene-1094_030,0.094,yaw-2,0.1211,0.0955,True
yaw_only,nuscenes,yaw,3.0,14,scene-1094_030,0.0903,yaw-3,0.1677,0.0955,True
yaw_only,nuscenes,pitch,0.0,14,scene-1094_030,0.1054,yaw-3,0.0312,0.0955,False
yaw_only,nuscenes,pitch,0.5,14,scene-1094_030,0.1066,yaw-3,0.024,0.0955,False
yaw_only,nuscenes,pitch,1.0,14,scene-1094_030,0.1066,yaw-3,0.0502,0.0955,False
yaw_only,nuscenes,pitch,2.0,14,scene-1094_030,0.1076,yaw-0.5,0.0799,0.0955,False
yaw_only,nuscenes,pitch,3.0,14,scene-1094_030,0.1019,yaw-3,0.1572,0.0955,True
yaw_only,nuscenes,roll,0.0,14,scene-1094_030,0.1054,yaw-3,0.0312,0.0955,False
yaw_only,nuscenes,roll,0.5,14,scene-1094_030,0.1103,yaw-3,0.0,0.0955,False
yaw_only,nuscenes,roll,1.0,14,scene-1094_030,0.0911,yaw-2,0.1487,0.0955,True
yaw_only,nuscenes,roll,2.0,14,scene-1094_030,0.0881,yaw-3,0.1045,0.0955,True
yaw_only,nuscenes,roll,3.0,14,scene-1094_030,0.0675,yaw-3,0.1215,0.0955,True
yaw_only,nuscenes,tx,0.0,14,scene-1094_030,0.1054,yaw-3,0.0312,0.0955,False
yaw_only,nuscenes,tx,0.02,14,scene-1094_030,0.1071,yaw-3,0.0513,0.0955,False
yaw_only,nuscenes,tx,0.05,14,scene-1094_030,0.1072,yaw-3,0.0631,0.0955,False
yaw_only,nuscenes,tx,0.1,14,scene-1094_030,0.1137,yaw-3,-0.0211,0.0955,False
yaw_only,nuscenes,ty,0.0,14,scene-1094_030,0.1054,yaw-3,0.0312,0.0955,False
yaw_only,nuscenes,ty,0.02,14,scene-1094_030,0.1051,yaw-3,0.0346,0.0955,False
yaw_only,nuscenes,ty,0.05,14,scene-1094_030,0.1051,yaw-3,0.0586,0.0955,False
yaw_only,nuscenes,ty,0.1,14,scene-1094_030,0.1063,yaw-3,0.0481,0.0955,False
yaw_only,nuscenes,tz,0.0,14,scene-1094_030,0.1054,yaw-3,0.0312,0.0955,False
yaw_only,nuscenes,tz,0.02,14,scene-1094_030,0.1061,yaw-3,0.0297,0.0955,False
yaw_only,nuscenes,tz,0.05,14,scene-1094_030,0.1065,yaw-3,0.0466,0.0955,False
yaw_only,nuscenes,tz,0.1,14,scene-1094_030,0.1112,yaw-3,0.0083,0.0955,False
yaw_only,nuscenes,yaw,0.0,15,scene-1094_035,0.1041,yaw-2,0.0159,0.0955,False
yaw_only,nuscenes,yaw,0.5,15,scene-1094_035,0.0953,yaw-2,0.1046,0.0955,True
yaw_only,nuscenes,yaw,1.0,15,scene-1094_035,0.0966,yaw-3,0.0952,0.0955,False
yaw_only,nuscenes,yaw,2.0,15,scene-1094_035,0.0994,yaw+3,0.0723,0.0955,False
yaw_only,nuscenes,yaw,3.0,15,scene-1094_035,0.1056,yaw+2,0.0093,0.0955,False
yaw_only,nuscenes,pitch,0.0,15,scene-1094_035,0.1041,yaw-2,0.0159,0.0955,False
yaw_only,nuscenes,pitch,0.5,15,scene-1094_035,0.1115,yaw+2,0.0009,0.0955,False
yaw_only,nuscenes,pitch,1.0,15,scene-1094_035,0.1127,yaw+2,0.0156,0.0955,False
yaw_only,nuscenes,pitch,2.0,15,scene-1094_035,0.1107,yaw-3,0.0069,0.0955,False
yaw_only,nuscenes,pitch,3.0,15,scene-1094_035,0.1053,yaw-3,0.0508,0.0955,False
yaw_only,nuscenes,roll,0.0,15,scene-1094_035,0.1041,yaw-2,0.0159,0.0955,False
yaw_only,nuscenes,roll,0.5,15,scene-1094_035,0.1073,yaw+3,0.0659,0.0955,False
yaw_only,nuscenes,roll,1.0,15,scene-1094_035,0.1044,yaw+2,0.0687,0.0955,False
yaw_only,nuscenes,roll,2.0,15,scene-1094_035,0.0968,yaw+3,0.0677,0.0955,False
yaw_only,nuscenes,roll,3.0,15,scene-1094_035,0.079,yaw-3,0.1496,0.0955,True
yaw_only,nuscenes,tx,0.0,15,scene-1094_035,0.1041,yaw-2,0.0159,0.0955,False
yaw_only,nuscenes,tx,0.02,15,scene-1094_035,0.1067,yaw-2,-0.0113,0.0955,False
yaw_only,nuscenes,tx,0.05,15,scene-1094_035,0.1099,yaw+3,-0.0196,0.0955,False
yaw_only,nuscenes,tx,0.1,15,scene-1094_035,0.1068,yaw-3,0.113,0.0955,True
yaw_only,nuscenes,ty,0.0,15,scene-1094_035,0.1041,yaw-2,0.0159,0.0955,False
yaw_only,nuscenes,ty,0.02,15,scene-1094_035,0.1039,yaw-2,0.0226,0.0955,False
yaw_only,nuscenes,ty,0.05,15,scene-1094_035,0.1051,yaw-2,0.0174,0.0955,False
yaw_only,nuscenes,ty,0.1,15,scene-1094_035,0.1054,yaw-2,0.0034,0.0955,False
yaw_only,nuscenes,tz,0.0,15,scene-1094_035,0.1041,yaw-2,0.0159,0.0955,False
yaw_only,nuscenes,tz,0.02,15,scene-1094_035,0.1079,yaw-2,-0.0261,0.0955,False
yaw_only,nuscenes,tz,0.05,15,scene-1094_035,0.1074,yaw+3,0.003,0.0955,False
yaw_only,nuscenes,tz,0.1,15,scene-1094_035,0.1138,yaw+3,-0.0238,0.0955,False
